Mes;Animales vivos;Carnes y despojos comestibles;Pescados y crustáceos, moluscos e invertebrados acuáticos;Leche y productos lácteos, huevos, miel;Demás productos de origen animal;Plantas vivas y productos de la floricultura;Legumbres y hortalizas, plantas, raíces y tubérculos;Frutos comestibles, cortezas de agrios o melones;Café, té, yerba mate y especias;Cereales;Productos de molinería, malta, almidón y fécula;Semillas y frutos oleaginosos, forrajes;Gomas, resinas, y demás jugos y extractos vegetales;Materias trenzables y demás productos vegetales;Grasas y aceites animales o vegetales;Preparaciones de carne, pescado, crustáceos, moluscos;Azúcares y artículos confitería;Cacao y sus preparaciones;Preparaciones a base de cereal, harina, leche; pastelería;Preparaciones de legumbres u hortalizas, frutos, otras;Preparaciones alimenticias diversas;Bebidas, líquidos alcohólicos y vinagre ;Residuos industrias alimentarias. Alimentos para animales;Tabaco, sucedáneos del tabaco elaborados;Sal; azufre; tierras y piedras; yesos, cales y cementos;Minerales, escorias y cenizas;Combustibles y aceites minerales y sus productos;Productos químicos inorgánicos;Productos químicos orgánicos;Productos farmacéuticos;Abonos;Extractos curtientes, pinturas, tintas;Aceites esenciales, perfumería, cosméticos;Jabones, ceras artificiales, pastas;Materias albuminoideas, colas;Pólvoras, explosivos, fósforos;Productos fotográficos, cinematográficos;Productos diversos de las industrias químicas;Materias plásticas y manufacturas;Caucho y manufacturas;Pieles y cueros;Manufacturas de cuero, artículos de viaje, bolsos;Peletería y confecciones;Madera, carbón vegetal y manufacturas de madera;Corcho y sus manufacturas;Manufactura de espartería y cestería;Pastas de madera, desperdicios de papel o cartón;Papel, cartón y sus manufacturas;Productos editoriales, prensa, textos;Seda;Lana y pelo fino u ordinario; hilados y tejidos de crin;Algodón;Demás fibras vegetales, hilados de papel;Filamentos sintéticos o artificiales;Fibras sintéticas o artificiales discontinuas;Guata, fieltro y telas sin tejer; cordeles ,cuerdas, cordajes;Alfombras y materias textiles;Tejidos especiales, superficies textiles con pelo;Tejidos impregnados, recubiertos;Tejidos de punto;Prendas y complementos de vestir, de punto;Prendas y complementos de vestir, excepto de punto;Demás artículos textiles confeccionados;Calzado, botines, artículos análogos y partes;Artículos de sombrerería y partes;Paraguas, bastones, látigos y sus partes;Plumas, flores artificiales; manufactura de cabellos;Manufacturas de piedra, yeso, cemento, mica y análogas;Productos cerámicos;Vidrio y manufacturas;Perlas finas, piedras y metales preciosos;Fundición, hierro y acero;Manufactura de fundición, de hierro o acero;Cobre y sus manufacturas;Níquel y sus manufacturas;Aluminio y sus manufacturas;Plomo y manufacturas;Zinc y manufacturas;Estaño y manufacturas;Demás metales comunes, "cermets" y manufacturas;Herramientas y útiles, cuchillería y cubiertos;Manufacturas diversas de metales comunes;Reactores nucleares, calderas, máquinas y partes;Aparatos y material eléctrico, de grabación o imagen;Vehículos y material para vía férrea, aparatos de señalización;Vehículos automóviles, tractores, ciclos, partes y accesorios;Navegación aérea o espacial;Navegación marítima o fluvial;Instrumentos y aparatos de óptica, fotografía, cinematografía;Relojería;Instrumentos de música, partes y accesorios;Armas y municiones, sus partes y accesorios;Muebles;Juguetes, artículos para recreo, deporte; partes y accesorios;Manufacturas diversas;Objetos de arte, de colección o de antigüedad;Disposiciones de tratamiento especial;Total exportaciones
enero-08;5.657;48.380;12.821;5.557;9.201;68.820;7.126;59.072;202.093;457;2.471;1.148;40;223;7.502;3.189;34.625;5.837;8.386;3.030;24.531;4.245;1.097;1.838;31.465;18.041;1.204.196;8.996;12.539;26.342;4.444;9.836;28.594;8.708;2.754;37;31;16.304;114.238;11.676;22.648;7.490;298;6.367;0;61;29;51.581;17.397;0;185;9.251;42;4.801;8.320;3.602;548;1.830;3.346;14.461;67.094;54.578;17.126;7.446;1.232;96;9;6.395;21.448;10.932;101.910;178.407;19.646;25.396;2;13.938;380;0;0;0;3.277;4.311;33.425;43.304;47;27.031;4.944;83;4.849;46;0;0;21.078;2.458;3.148;154;316; 2.842.306 
febrero-08;2.045;56.100;22.415;6.326;17.558;107.476;9.067;47.397;205.438;1.028;2.082;723;54;25;31.511;3.380;34.157;5.316;8.968;3.309;22.381;3.334;1.242;2.905;22.510;9.052;1.130.176;8.212;13.909;28.197;4.098;11.851;31.475;8.469;4.053;40;88;18.981;103.883;15.408;33.006;9.977;331;6.907;2;43;97;42.006;18.296;0;155;7.716;4;6.409;6.300;2.546;1.448;2.734;3.574;14.101;50.667;52.657;15.538;10.218;3.570;7;8;4.671;21.857;14.822;110.514;103.648;24.877;30.211;3.892;19.102;431;8;0;0;4.931;4.493;37.583;47.380;16;49.758;11.751;89;6.613;92;28;2;25.161;1.577;5.489;104;412; 2.822.470 
marzo-08;2.312;41.101;16.945;5.522;8.904;87.698;7.206;44.813;190.894;313;2.559;678;27;368;37.432;3.718;36.424;8.812;8.677;2.585;23.070;4.027;2.671;4.718;20.457;1.937;1.470.432;9.455;15.646;34.233;3.475;19.464;34.587;11.594;3.993;199;49;22.542;111.192;16.742;33.852;8.003;140;6.642;1;9;66;45.426;16.239;0;330;6.824;11;6.445;4.609;3.097;434;3.271;3.608;14.910;44.584;44.875;14.921;11.400;1.143;1;26;6.303;18.654;13.957;92.054;18.335;24.023;34.121;11;24.062;1.389;1;0;120;5.068;5.159;50.883;43.089;31;36.032;7.158;345;5.997;108;71;61;22.055;1.610;7.645;28;581; 3.007.288 
abril-08;775;37.769;20.792;8.033;11.475;134.874;8.779;74.030;169.211;755;3.124;2.602;32;158;55.735;2.227;42.240;7.618;11.089;3.742;29.274;5.994;1.699;2.913;26.029;16.360;1.514.225;8.167;14.771;33.752;3.589;16.026;41.638;12.234;3.651;50;99;22.395;121.131;19.380;28.903;8.311;324;6.480;27;25;54;57.718;18.832;0;134;12.359;45;7.698;6.190;3.389;435;4.136;3.733;38.397;50.630;51.284;15.594;16.214;882;5;60;6.081;16.991;12.599;114.397;120.486;20.818;27.790;46;23.709;905;90;3;52;4.744;7.640;50.528;41.809;56;45.803;14.567;790;6.975;92;0;75;18.021;2.293;7.312;65;391; 3.365.420 
mayo-08;843;40.385;15.911;9.582;10.024;109.802;6.267;69.682;151.000;589;2.147;1.527;62;183;45.256;4.991;45.212;7.863;11.424;3.677;31.478;4.865;1.801;5.403;16.797;10.631;1.653.364;6.567;15.736;30.501;4.094;20.704;38.802;11.958;3.551;147;144;26.360;112.231;21.352;32.131;6.913;230;4.024;13;28;0;56.512;20.030;0;243;9.225;14;4.782;6.612;3.007;696;3.125;4.498;21.011;72.158;60.368;10.420;13.207;576;26;9;5.881;18.022;14.205;111.864;78.954;24.808;37.729;698;19.861;1.298;93;0;0;6.488;6.416;36.258;47.370;29;57.953;7.190;3.602;4.848;138;40;183;16.329;1.431;7.800;42;317; 3.392.615 
junio-08;1.649;55.021;17.056;11.323;17.364;70.434;7.998;79.591;163.500;149;2.287;801;263;159;46.279;4.035;33.100;5.534;10.898;3.936;31.765;5.972;2.226;4.799;15.779;13.391;1.988.027;8.799;13.951;31.945;5.056;14.790;36.570;13.241;3.417;3;110;27.196;111.129;16.671;24.033;8.607;66;4.668;16;20;10;49.717;19.678;0;164;9.060;33;4.992;5.501;2.806;358;3.214;3.977;13.460;50.461;52.898;8.571;12.111;503;16;23;6.545;17.201;16.003;93.545;139.707;28.134;28.755;36;17.309;206;5;0;10;8.533;4.915;43.999;47.672;38;30.306;11.302;125;4.505;143;39;17;15.093;2.934;6.766;68;564; 3.675.654 
julio-08;2.118;52.554;23.751;13.543;15.529;117.939;9.535;62.790;175.861;225;1.696;893;1.171;301;52.712;3.366;42.651;6.553;13.545;4.466;34.785;4.405;3.464;4.549;12.573;10.464;1.848.528;11.035;20.068;35.538;8.126;28.969;38.984;14.431;3.648;89;307;29.164;138.696;18.251;28.908;7.659;426;4.462;4;25;43;64.938;19.967;0;164;11.816;18;7.656;7.721;3.804;754;6.474;5.090;13.820;49.096;53.972;8.446;13.245;449;1;37;7.564;21.373;15.799;122.369;131.537;31.398;30.896;1.497;20.757;156;0;0;2;8.079;5.095;58.608;59.377;8;55.416;17.658;379;7.210;207;30;16;17.329;3.778;7.982;243;656; 3.801.685 
agosto-08;2.542;58.194;13.420;13.006;10.719;129.566;10.100;64.845;119.140;471;2.273;2.236;30;74;45.459;1.969;25.659;4.524;13.872;2.860;20.502;4.410;2.562;1.966;8.884;13.021;1.663.786;11.578;17.518;29.832;7.617;11.938;33.285;11.427;3.098;92;42;23.393;122.403;15.510;25.523;8.394;216;5.668;48;8;72;41.294;15.436;0;232;8.034;14;4.717;6.093;4.887;195;7.781;3.083;11.122;46.809;48.669;8.760;15.166;338;2;37;4.130;18.644;12.322;103.070;84.949;32.857;24.610;2.843;16.668;996;1;0;33;8.339;5.494;48.434;45.403;0;59.269;8.527;730;4.583;183;28;2.583;14.831;2.412;5.198;21;609; 3.294.187 
septiembre-08;3.199;73.122;13.273;11.932;5.605;79.791;3.974;59.189;131.771;482;1.313;602;10;29;22.419;3.586;30.239;6.046;8.790;3.118;21.381;3.673;2.093;2.268;18.313;3.737;1.627.066;10.658;10.727;20.870;3.665;13.624;27.938;11.257;3.692;52;54;13.807;109.644;16.298;27.107;3.848;32;4.340;66;5;99;51.937;14.662;0;53;10.929;0;7.228;4.454;3.281;191;3.566;4.238;12.356;36.797;41.321;8.721;17.084;250;4;9;4.586;19.359;7.917;128.864;52.102;33.462;28.546;1.769;14.712;80;12;0;67;18.163;7.032;55.495;42.088;25;46.470;12.474;4.917;4.080;28;48;0;12.284;2.192;4.682;59;589; 3.133.994 
octubre-08;1.809;83.138;17.499;9.426;1.060;77.067;11.215;25.514;131.619;78;1.666;1.046;21;165;30.092;882;25.315;6.598;15.129;4.445;31.689;5.816;2.353;1.482;13.269;11.293;1.272.523;12.835;13.229;37.782;4.953;27.373;45.103;13.234;2.705;48;140;16.214;108.559;20.112;49.713;7.389;166;7.794;48;34;15;55.596;24.509;0;50;26.439;39;10.206;5.170;3.365;405;8.659;5.061;40.564;39.450;50.079;11.370;33.396;498;15;32;5.973;22.185;9.888;118.152;12.123;27.438;17.175;59;11.164;0;188;0;2;33.031;14.597;77.926;43.941;20;49.829;36.280;776;7.721;210;67;81;17.164;2.931;7.158;53;413; 2.981.105 
noviembre-08;1.266;105.824;11.396;7.954;1.040;55.426;8.046;29.446;102.264;1.357;2.073;965;41;0;5.142;1.085;20.824;5.297;10.225;2.406;20.106;3.949;1.874;2.134;16.603;1.206;772.367;10.503;12.934;25.295;12.334;11.635;42.480;10.650;4.535;101;195;11.692;86.575;12.265;45.158;7.292;501;6.340;72;13;0;50.857;22.846;0;53;23.643;12;6.582;6.952;3.935;256;15.916;4.945;24.733;40.537;51.216;11.862;40.368;483;12;38;5.777;22.401;8.258;80.041;37.713;19.325;5.154;1.173;15.036;29;16;44;1;26.662;14.837;69.694;46.583;1;43.679;5.394;134;11.381;108;86;0;22.193;3.233;9.801;133;356; 2.245.379 
diciembre-08;2.218;103.754;17.566;10.322;336;63.281;7.521;39.177;151.809;806;2.073;861;15;86;13.998;356;23.132;6.673;11.974;3.529;37.767;6.679;1.732;2.372;10.718;1.072;617.518;17.842;8.982;30.305;4.028;17.464;38.795;11.949;3.461;174;109;19.987;92.982;12.870;26.599;7.009;164;5.289;14;8;0;56.916;23.656;0;319;27.949;1;7.750;16.905;3.695;516;5.280;4.287;18.614;40.617;40.803;7.966;30.532;347;67;10;6.657;19.771;9.815;85.613;56.622;41.538;3.434;1.759;12.029;137;18;0;183;21.543;14.405;62.080;51.968;51;65.690;5.033;257;11.475;210;0;172;19.075;2.933;9.465;345;388; 2.224.271 
enero-09;3.053;89.696;16.900;3.355;511;38.645;8.072;57.535;179.874;559;1.992;442;5;35;11.357;2.173;39.088;4.801;9.742;2.463;27.660;4.830;3.301;736;13.926;1.620;1.178.684;4.392;13.084;24.949;2.245;9.164;36.762;8.840;3.643;45;53;26.135;86.540;15.045;13.380;5.351;197;3.511;23;11;0;56.130;22.942;0;192;7.713;11;4.483;3.952;4.766;270;2.220;6.672;9.517;23.390;27.942;8.503;9.824;136;14;26;3.407;14.461;15.526;80.594;74.212;24.598;2.596;0;8.123;89;87;14;1;7.305;6.199;53.910;37.634;62;23.336;2.784;1.188;6.546;206;2;37;11.223;1.439;6.362;161;470; 2.525.698 
febrero-09;3.544;89.271;11.643;2.962;491;52.947;6.706;81.971;157.680;1.213;2.375;1.073;61;7;12.698;338;41.264;4.145;8.536;2.373;24.316;2.502;2.388;3.139;14.047;7.620;787.915;6.500;9.706;26.594;5.637;19.887;50.057;8.122;3.853;117;47;20.706;94.303;15.286;21.759;4.321;167;4.229;8;6;0;54.441;17.067;1;262;18.246;0;5.266;6.175;5.152;179;4.519;5.568;11.365;18.816;26.744;7.426;18.575;186;28;23;6.018;13.733;13.755;165.839;70.848;52.327;5.334;435;6.437;10;0;2;66;18.267;8.325;60.073;50.983;12;20.593;2.605;767;6.226;240;82;325;13.928;1.220;6.386;5;709; 2.340.118 
marzo-09;2.001;110.071;14.533;5.185;9.855;87.890;4.724;88.142;148.433;634;2.253;886;33;3;23.160;1.665;36.430;5.848;9.769;2.774;32.268;4.055;1.386;3.902;25.065;2.857;1.111.285;7.335;14.315;32.152;3.637;18.542;43.379;9.657;5.532;194;91;24.997;91.017;14.738;20.699;4.920;307;5.217;2;27;0;56.321;16.658;0;289;18.203;17;5.112;5.053;4.394;247;5.839;3.896;16.397;24.751;27.565;8.751;14.803;370;1;0;6.201;16.937;15.486;135.852;74.716;13.769;7.052;430;9.667;0;3;3;168;13.005;8.786;53.928;52.142;44;22.962;9.396;647;7.214;130;7;2;11.693;1.579;8.393;77;509; 2.711.332 
abril-09;1.860;89.339;12.579;3.135;2.728;110.999;1.976;59.270;118.110;1.544;1.491;2.035;79;24;15.028;2.728;52.895;4.948;8.075;2.765;25.215;3.029;2.529;1.803;28.695;3.387;1.052.270;4.900;10.731;34.261;6.185;12.759;35.526;8.676;3.363;90;80;26.856;78.573;11.168;7.566;5.576;102;4.425;44;2;0;47.270;12.878;0;815;17.157;26;3.402;3.500;8.215;310;4.453;2.982;10.911;20.994;22.586;5.362;11.488;172;2;24;5.616;13.208;12.753;109.724;62.728;13.720;8.479;456;9.978;117;0;0;121;14.349;4.028;45.567;42.579;3;22.157;6.353;82;6.870;206;55;383;9.126;1.139;5.050;2;754; 2.427.571 
mayo-09;1.550;95.491;14.337;3.606;2.585;126.967;3.398;68.334;109.280;454;1.236;1.793;45;39;18.731;4.701;42.018;4.879;8.842;2.827;25.908;3.532;2.093;2.138;30.074;908;1.295.863;7.175;11.867;33.791;2.827;11.811;35.921;10.452;4.186;150;137;22.458;78.613;11.719;8.376;4.472;92;4.530;40;30;0;47.221;17.121;0;221;23.822;0;7.723;5.054;9.775;97;6.650;19.868;32.754;20.094;27.652;6.482;13.321;189;57;38;4.830;17.009;16.217;101.791;32.309;13.927;11.551;710;11.363;250;61;0;84;13.023;4.287;49.910;49.552;33;19.909;11.771;248;8.589;203;2;220;8.712;1.909;4.782;375;472; 2.742.519 
junio-09;1.565;50.833;11.982;1.671;450;54.111;1.801;64.732;143.444;134;1.975;726;85;74;14.397;2.246;53.911;4.726;7.702;3.556;25.333;2.510;1.719;2.400;27.638;6.081;1.346.187;8.902;13.335;35.904;4.285;11.154;30.954;8.850;4.271;126;47;22.422;86.764;11.988;9.458;4.912;155;4.250;5;46;0;54.839;15.381;0;193;13.562;28;3.611;6.386;6.401;362;6.702;9.899;27.431;20.889;26.532;9.975;13.833;249;50;47;4.779;14.237;10.539;113.523;65.246;12.551;13.418;1.053;11.148;34;1;0;241;21.883;3.923;59.991;42.949;16;21.270;4.462;37;10.299;89;51;239;11.303;1.240;6.925;4;443; 2.738.083 
julio-09;2.132;40.367;16.660;4.303;268;133.227;3.049;84.603;133.378;69;2.077;1.347;42;23;17.341;2.381;53.271;3.608;8.681;4.463;25.955;2.813;2.880;4.892;23.461;2.323;1.397.906;29.038;16.498;31.005;5.281;14.183;38.420;10.289;4.736;75;178;25.563;92.399;11.286;10.240;5.569;91;4.489;10;8;23;51.089;16.001;0;471;10.658;0;4.062;3.339;3.233;282;3.806;3.099;8.155;22.130;25.421;6.972;6.719;304;16;28;3.976;13.802;15.820;132.054;69.893;11.869;17.129;776;11.389;180;77;0;110;6.695;3.151;61.544;40.713;12;24.103;10.621;130;18.641;105;4;990;9.670;1.630;5.687;21;1.125; 2.898.600 
agosto-09;874;21.560;16.605;2.259;527;96.997;4.120;65.956;110.450;77;1.434;1.152;58;10;16.409;806;20.660;4.583;8.472;3.978;26.877;1.292;1.728;2.062;12.021;5.631;1.453.754;9.118;12.418;31.990;4.241;15.062;28.090;9.033;4.926;245;59;24.495;93.172;9.742;5.130;4.719;110;2.567;12;15;113;41.594;12.272;0;325;7.762;6;3.022;1.537;1.751;264;2.745;2.158;9.572;16.614;26.757;5.717;4.685;264;22;24;4.017;10.250;10.384;125.600;63.449;13.312;16.673;14;9.525;23;36;3;174;3.781;2.784;39.111;48.420;51;19.894;7.080;836;7.053;142;1;107;9.885;1.908;5.309;60;890; 2.673.470 
septiembre-09;719;6.292;16.630;936;271;122.011;3.120;91.389;93.777;232;1.424;846;68;7;13.536;1.903;66.671;5.545;11.319;3.272;29.126;3.859;2.198;3.029;10.796;7.903;1.372.474;9.029;12.810;50.158;4.996;20.082;36.458;12.583;4.023;67;179;32.488;102.138;13.433;6.792;5.973;189;4.199;2;28;22;42.225;16.113;0;20;5.361;2;4.409;1.296;2.285;624;2.252;3.202;8.664;22.053;30.145;6.360;4.586;253;12;18;4.952;11.908;13.531;161.231;72.786;15.326;23.281;1.690;13.046;541;2;0;519;4.193;3.743;31.093;46.822;107;25.389;2.686;1.224;6.316;153;15;398;12.750;1.772;4.934;5;693; 2.795.983 
octubre-09;302;2.455;6.630;895;429;87.858;1.449;80.039;114.380;0;1.396;1.004;97;33;14.818;3.868;61.619;8.380;10.467;4.551;32.179;3.561;1.902;1.813;4.801;3.302;1.594.802;8.759;9.918;35.994;5.583;19.330;30.962;14.031;4.008;191;32;27.111;100.637;10.403;6.445;5.087;36;2.573;29;20;114;39.457;14.380;0;21;6.983;0;4.493;2.834;1.529;356;2.325;3.491;10.734;21.688;25.946;5.058;3.907;248;2;66;4.651;13.471;12.374;154.643;111.934;11.445;21.292;0;14.015;567;40;0;235;4.428;3.271;32.895;42.737;22;26.119;2.470;93;4.477;91;13;232;11.007;2.460;5.233;157;505; 2.948.687 
noviembre-09;211;283;18.964;1.511;1.485;59.762;806;87.303;120.526;186;1.270;325;91;12;11.492;1.917;47.905;7.184;10.285;4.665;27.995;3.561;1.357;789;8.596;28.275;1.521.685;7.122;11.349;36.971;4.687;21.827;30.568;9.508;3.226;198;7;22.946;94.796;10.673;6.926;5.281;190;2.868;1;17;436;36.447;10.385;0;42;4.101;9;3.603;1.875;2.763;229;2.361;1.819;6.320;20.440;27.762;5.110;6.163;312;22;36;3.386;12.205;10.817;193.880;90.867;12.896;26.359;1.657;12.881;469;3;0;142;3.589;2.224;39.485;29.668;0;27.222;2.892;646;3.783;199;0;266;11.488;1.758;4.154;36;485; 2.861.294 
diciembre-09;238;755;24.269;1.693;462;84.337;1.062;56.452;151.729;299;2.013;559;44;97;19.084;1.750;110.300;7.690;9.758;3.855;33.777;3.013;1.650;5.087;8.768;6.442;1.668.074;9.788;12.232;31.375;3.267;23.902;31.693;10.754;3.808;93;82;28.191;100.455;11.988;6.843;6.920;153;3.141;2;5;74;42.549;13.570;0;31;4.196;0;3.557;1.606;3.749;208;2.225;1.883;5.236;23.717;29.240;6.698;3.803;166;12;44;5.114;11.102;15.878;227.446;103.682;15.547;23.402;1.200;13.638;924;69;0;98;4.362;2.865;31.950;32.326;62;31.165;7.079;371;4.474;273;1;222;12.782;1.445;4.393;41;546; 3.182.972 
enero-10;352;683;17.901;462;277;70.116;1.073;63.554;134.112;0;2.150;1.106;28;361;13.843;1.000;104.131;5.422;5.480;2.716;22.211;2.964;1.428;795;2.093;7.120;1.716.306;8.413;11.889;18.274;1.686;14.971;21.936;7.195;2.702;47;54;21.563;90.351;7.830;9.237;3.951;116;1.790;8;0;7;42.854;9.353;0;16;3.377;11;3.141;819;4.458;280;1.255;3.008;2.973;13.951;17.651;5.433;2.940;69;13;8;2.925;9.593;7.889;156.947;73.475;10.221;21.448;1.333;9.195;578;0;0;26;3.043;1.916;28.469;32.353;0;13.429;11.537;58;3.028;113;0;714;9.216;899;3.282;3;428; 2.913.433 
febrero-10;441;1.247;8.463;1.924;489;96.689;770;60.749;124.246;0;1.304;542;68;4;6.342;550;43.620;6.291;8.072;3.992;26.861;2.925;1.699;980;5.715;2.123;1.608.150;5.643;14.648;21.959;4.246;19.734;30.353;11.057;4.564;143;137;17.690;72.120;9.543;8.204;4.820;123;3.124;18;67;6;39.985;10.614;0;20;4.923;0;3.733;1.583;3.425;323;1.507;2.920;6.220;18.743;26.564;4.645;3.770;220;12;34;4.375;8.707;13.901;174.372;94.893;21.749;40.248;25;13.210;1.729;28;0;225;3.843;3.160;34.476;33.999;0;28.208;706;124;4.125;66;2;22;9.714;853;3.992;15;689; 2.869.156 
marzo-10;7.114;951;15.957;1.636;430;149.190;1.173;80.556;162.999;749;1.663;2.888;50;42;23.870;2.751;63.903;7.894;9.960;4.637;31.921;2.912;1.955;2.984;3.126;3.863;1.738.091;12.909;12.470;36.771;5.256;19.738;33.563;12.611;3.877;65;127;30.106;117.962;15.702;12.708;7.096;207;4.757;14;36;176;48.511;15.536;3;46;5.181;7;5.293;1.477;2.459;587;2.423;4.410;7.431;20.421;23.474;6.444;4.524;236;1;75;5.428;14.259;14.448;193.184;77.695;17.187;40.969;1.616;15.086;549;45;0;124;5.574;3.480;32.357;28.086;5;34.648;28.958;154;5.529;133;15;9;12.876;1.500;5.508;22;504; 3.337.903 
abril-10;370;1.135;17.491;481;641;78.396;1.025;61.096;131.870;1.118;1.601;1.546;30;205;21.212;2.105;92.258;5.949;9.370;3.301;28.007;1.950;1.987;3.621;4.092;2.577;2.016.372;9.761;12.884;33.083;7.520;23.804;36.392;10.096;3.397;55;90;29.575;123.293;10.625;8.985;5.904;173;2.368;7;33;55;48.263;11.594;0;119;5.080;21;4.518;1.646;5.414;425;2.520;3.621;6.956;21.810;27.068;6.768;4.084;333;1;0;6.464;13.752;14.026;183.296;132.987;13.555;28.297;2.056;16.300;995;1;0;31;4.464;3.048;32.753;23.615;1;27.398;4.714;34;4.435;120;3;870;11.995;1.084;6.097;32;413; 3.490.978 
mayo-10;4.940;1.067;13.887;916;359;143.221;832;53.040;158.572;1.431;4.674;1.376;26;205;19.308;2.669;34.556;7.621;10.008;3.908;24.114;3.368;1.532;2.901;2.953;5.721;1.945.313;10.203;11.505;35.453;9.176;26.290;39.956;12.814;2.896;104;162;21.837;125.968;13.301;12.144;8.536;89;2.676;7;4;275;50.558;15.063;0;183;6.358;2;4.100;1.563;2.533;312;2.355;2.565;7.527;24.618;32.068;7.063;3.011;222;7;5;5.666;13.248;16.394;189.977;121.973;18.944;38.110;1.480;14.519;1.752;35;0;246;5.131;3.166;35.269;27.687;15;29.512;22.695;1.849;4.362;153;11;24;10.657;2.245;5.710;28;448; 3.513.331 
junio-10;326;915;7.170;833;392;76.121;932;43.312;151.151;92;1.644;2.594;75;36;10.522;1.199;26.773;5.221;9.434;5.367;26.325;3.039;1.446;2.614;4.236;1.444;1.767.706;6.571;12.804;25.588;7.834;22.812;32.373;11.051;4.050;67;151;25.807;95.751;15.487;10.213;5.573;224;2.626;12;6;14;41.010;10.346;0;63;5.912;0;4.883;2.050;2.119;507;2.547;5.138;6.865;25.359;28.546;3.937;3.090;186;5;21;4.555;9.420;13.315;181.873;106.432;17.441;17.323;3.236;13.582;742;1;0;213;3.890;3.343;30.533;26.662;4;26.618;4.504;58;4.931;133;2;321;10.719;1.169;6.344;150;593; 3.060.628 
julio-10;300;1.018;10.042;1.059;473;103.702;544;67.086;130.128;18;1.825;1.181;227;172;10.563;2.913;38.939;3.985;6.913;4.842;29.209;2.274;2.102;449;2.723;2.146;1.902.545;8.069;11.809;30.509;4.996;13.895;27.547;9.597;1.376;59;18;26.207;94.346;11.180;10.592;5.198;43;1.598;12;6;21;40.640;9.707;0;182;5.798;0;4.752;1.651;2.249;152;2.142;3.217;8.203;25.600;34.096;6.828;2.696;195;10;9;5.096;14.541;10.773;143.355;91.499;15.044;13.727;2.470;11.375;547;120;0;0;5.147;2.263;31.193;31.789;14;19.309;2.740;55;3.764;169;13;1.226;9.116;2.955;5.769;15;959; 3.157.626 
agosto-10;136;783;14.720;401;390;110.634;1.078;68.729;137.291;63;1.183;1.934;90;36;6.808;1.209;43.135;5.832;9.904;3.936;26.702;2.409;1.641;1.206;4.011;4.405;2.014.205;8.355;10.353;27.181;5.019;15.183;30.502;11.481;3.914;47;29;17.364;102.415;9.893;9.377;6.379;136;3.525;14;45;26;41.224;9.926;0;69;5.496;16;4.962;2.032;2.125;204;2.194;4.265;4.672;20.197;29.104;4.496;3.237;202;1;26;3.713;11.019;15.637;154.366;83.447;11.108;23.170;1.252;11.934;1.740;157;0;53;5.190;2.561;23.564;28.956;16;25.590;8.093;40;3.362;81;0;13;10.505;1.618;4.708;16;769; 3.291.236 
septiembre-10;264;949;16.076;932;449;92.043;1.226;74.503;130.935;109;1.702;623;39;122;12.106;2.230;68.641;5.464;12.241;4.645;28.944;3.520;2.157;421;4.815;1.400;1.781.564;12.475;18.089;32.606;4.921;16.015;38.721;10.437;4.311;171;77;26.399;95.897;14.428;8.427;6.467;282;4.181;26;59;59;46.301;12.269;0;56;7.108;0;5.831;2.390;1.947;141;2.851;4.055;9.418;31.699;39.501;6.110;3.610;214;11;11;4.536;16.259;20.345;207.484;90.391;19.262;30.940;3;11.432;1.571;0;2;72;5.479;3.264;29.712;37.765;46;49.271;3.372;49;3.966;232;1;430;10.915;1.824;6.237;56;1.053; 3.271.661 
octubre-10;7.400;1.439;10.425;1.268;422;85.931;693;86.754;163.982;179;1.535;627;100;23;13.263;4.862;57.896;5.591;9.439;4.253;24.267;4.116;1.374;1.323;3.355;4.086;2.041.091;9.164;18.987;32.719;6.686;17.603;37.207;10.019;2.594;99;38;22.178;114.216;15.365;10.892;6.725;47;2.697;19;15;2;41.372;11.583;0;21;6.004;46;4.935;1.763;1.993;157;2.629;4.495;6.830;30.148;33.028;6.079;3.688;101;7;32;5.256;13.051;12.219;204.047;118.706;14.108;24.575;1.325;15.424;2.121;0;0;62;5.782;2.951;34.305;26.344;7;31.095;20;858;6.550;93;0;23;10.912;2.019;5.293;1;728; 3.535.759 
noviembre-10;241;969;8.690;1.403;904;96.167;1.719;78.789;208.066;757;1.225;1.701;115;28;9.149;2.436;53.796;5.323;9.463;3.618;27.614;2.644;2.245;413;4.419;2.865;1.976.465;8.810;13.920;29.794;4.449;15.636;27.657;8.662;4.020;110;16;20.684;123.229;9.148;10.579;7.512;232;2.650;19;21;96;42.352;12.072;0;236;6.648;0;5.181;2.949;1.757;128;2.184;4.143;7.199;21.077;29.738;8.789;4.326;263;14;22;4.035;12.487;14.078;205.412;89.088;13.065;22.503;383;11.826;1.038;45;4;67;5.766;3.729;30.643;24.984;27;24.423;148;759;6.340;155;3;30;9.996;2.006;5.055;19;435; 3.426.095 
diciembre-10;318;2.032;13.622;421;432;146.255;1.606;60.780;288.320;391;2.891;2.599;38;136;10.089;2.174;46.106;7.570;9.903;4.552;27.773;3.303;2.630;479;4.483;1.390;2.073.181;7.100;18.382;34.629;3.916;18.305;42.963;11.337;4.119;166;276;35.949;101.252;14.156;11.790;8.838;294;2.876;20;12;121;41.411;10.610;0;248;10.169;0;5.026;4.725;1.847;196;2.276;4.135;6.441;26.909;38.319;11.994;5.431;285;10;44;3.678;10.907;17.965;320.759;112.565;15.092;28.038;37;13.444;1.037;46;0;58;5.349;3.084;29.584;19.591;12;37.837;154;222;4.741;265;1;349;12.792;1.389;6.124;44;316; 3.845.531 
enero-11;256;1.014;9.581;53;619;110.900;1.028;79.807;286.624;2;4.968;1.200;58;3;6.184;752;36.587;4.041;7.052;4.389;25.322;3.034;1.418;2.795;2.605;5.563;2.358.309;7.688;10.695;22.955;5.790;10.057;31.902;9.078;4.851;1;168;25.117;89.888;6.739;11.462;4.811;159;1.402;17;23;168;39.674;11.107;0;11;7.551;0;4.302;4.188;2.063;311;1.858;5.015;4.856;17.064;21.170;8.123;1.564;88;0;0;4.256;11.714;13.919;158.614;103.348;12.719;17.765;19;10.416;1.089;3;2;124;2.925;2.411;23.155;25.603;17;27.452;96;86;4.471;135;0;622;6.072;1.097;4.405;6;1.555; 3.760.176 
febrero-11;125;1.230;9.661;1.164;597;123.516;619;55.820;258.927;245;1.763;1.564;27;126;12.524;1.838;51.681;6.163;6.722;4.839;23.853;2.047;1.936;1.401;4.118;3.876;2.425.055;10.352;15.948;31.251;6.039;14.735;38.803;10.558;3.907;108;88;26.165;97.736;17.029;10.208;6.989;232;2.407;1;9;39;30.502;9.309;0;149;9.097;19;4.768;3.950;1.789;459;2.119;4.914;4.520;18.526;23.996;8.577;1.842;139;2;1;2.894;13.374;20.779;205.601;101.831;10.881;44.217;0;12.621;839;48;0;65;4.576;2.493;29.769;21.863;0;27.609;54;79;5.227;167;0;23;26.674;2.138;5.395;29;604; 3.958.572 
marzo-11;6.272;1.712;16.887;545;662;120.369;2.773;69.144;297.269;49;2.235;3.499;39;283;16.777;2.594;84.962;10.292;9.278;4.837;35.317;3.164;2.713;5.658;5.410;3.147;3.004.523;10.507;17.927;36.487;7.981;19.972;48.032;13.911;5.497;69;55;33.286;143.918;21.504;14.818;7.499;370;3.815;1;15;88;57.450;11.454;0;102;11.242;0;7.076;3.412;2.457;302;3.801;5.758;10.577;24.679;33.129;7.973;4.435;238;1;11;5.329;18.002;16.994;225.467;72.724;16.944;43.039;20;15.886;659;54;0;105;5.932;4.333;62.414;34.256;20;52.859;241;43;5.049;187;3;1.387;20.788;3.179;6.159;52;928; 4.893.312 
abril-11;3.806;1.591;14.761;184;566;108.353;1.213;62.017;278.288;1.148;2.495;1.144;77;199;31.768;2.109;77.703;9.402;6.727;5.276;23.491;3.239;2.372;2.022;4.848;1.828;3.120.318;13.783;14.468;32.151;9.889;15.706;38.610;13.878;3.950;18;79;22.318;140.390;12.282;13.357;6.040;280;2.937;39;25;81;47.816;13.412;0;18;8.600;1;5.562;2.443;2.653;228;2.860;5.471;5.111;21.754;29.494;8.620;5.469;255;70;243;4.398;11.538;13.303;229.904;82.083;26.135;26.508;24;14.362;2.008;1;0;87;7.027;2.825;36.209;35.537;27;38.051;199;113;3.931;301;2;1.170;11.888;2.214;5.248;179;514; 4.823.094 
mayo-11;8.120;1.538;11.583;248;863;170.311;2.021;101.988;191.461;535;2.634;2.299;25;288;44.314;1.502;59.234;5.703;7.731;4.975;38.427;2.864;1.833;2.526;4.652;2.287;3.406.332;8.864;21.836;35.272;8.665;18.162;41.478;12.949;5.126;132;56;30.795;128.075;15.463;16.016;7.042;201;2.196;12;21;78;55.060;13.779;0;16;8.283;70;6.063;2.122;2.056;211;2.515;5.357;5.702;23.730;30.537;7.325;5.218;365;1;16;4.992;14.240;20.762;257.411;90.647;8.888;19.550;0;12.512;345;21;3;32;5.456;3.026;29.688;30.693;12;33.061;61;134;6.471;153;16;962;8.838;2.305;5.746;13;512; 5.153.710 
junio-11;12.060;2.379;12.261;271;1.256;133.245;1.499;78.045;218.481;225;2.233;3.381;52;318;52.258;2.470;57.962;6.931;9.071;6.176;39.698;2.976;2.371;3.132;3.931;3.246;3.024.603;10.328;12.944;38.850;6.063;13.276;50.630;10.990;4.129;244;80;23.795;126.505;17.376;13.726;6.276;550;2.890;22;42;37;53.150;13.225;0;29;7.118;49;5.516;2.224;2.297;67;3.087;5.949;6.309;23.455;30.892;9.678;3.858;285;32;20;5.602;14.957;17.376;217.722;70.441;22.431;34.915;0;16.195;953;44;1;11;5.896;3.335;25.031;32.436;97;27.802;213;94;4.700;200;0;87;13.433;2.212;5.260;65;709; 4.708.737 
julio-11;393;2.289;14.331;337;398;94.199;901;34.874;153.445;2;1.854;785;81;19;38.339;3.030;75.213;4.805;6.787;3.789;32.433;2.473;1.710;2.405;3.675;2.290;3.329.134;9.596;15.419;33.708;21.504;11.672;37.849;10.726;5.710;138;57;22.652;161.364;14.209;12.557;6.212;64;3.039;34;4;102;53.483;12.126;0;100;7.430;9;4.939;1.588;2.097;260;2.101;6.158;5.317;22.379;29.323;9.341;3.833;191;2;23;5.358;12.739;14.263;246.721;45.229;15.293;37.451;34;11.856;1.492;2;6;31;6.144;2.468;28.722;39.184;36;30.465;72;103;5.486;86;0;2.149;11.479;3.126;7.923;8;997; 4.866.229 
agosto-11;238;2.492;11.073;669;803;92.578;1.015;83.529;156.122;117;1.753;2.242;37;206;24.857;2.166;84.281;6.255;8.136;4.424;31.927;2.806;1.483;4.132;3.521;6.655;3.241.655;10.999;17.620;32.108;8.155;23.158;39.500;13.635;5.367;63;152;29.015;146.165;19.021;13.226;7.093;230;2.883;31;12;739;50.775;14.259;0;7;7.202;13;6.236;2.138;2.440;183;2.450;6.503;7.720;24.911;32.493;8.586;5.180;346;10;15;5.580;17.555;15.360;295.213;88.620;24.094;26.106;11;12.951;451;15;0;87;6.405;2.993;31.408;34.489;329;36.006;35;108;5.543;170;0;411;11.957;2.913;5.976;13;1.038; 4.941.645 
septiembre-11;350;2.922;16.493;260;553;72.834;1.088;78.620;134.579;26;2.311;1.196;35;5;33.745;1.618;74.686;7.222;8.849;3.904;31.915;2.869;3.407;3.055;3.098;302;2.982.215;11.636;16.085;35.835;5.464;22.130;42.128;10.753;4.953;938;154;24.476;117.855;21.384;13.246;6.189;338;2.884;33;12;115;51.050;11.859;0;28;7.913;49;6.236;1.786;2.200;503;1.955;5.367;7.703;18.198;25.826;7.825;3.857;203;9;31;5.457;11.293;14.432;279.960;104.022;29.338;23.252;0;10.397;215;47;1;75;6.048;2.228;36.822;36.168;101;37.078;111;272;5.045;146;4;427;14.547;1.848;5.152;40;515; 4.582.401 
octubre-11;217;3.268;11.329;326;1.076;71.978;884;87.073;165.405;23;1.950;1.872;39;184;18.211;4.988;86.396;5.480;8.170;4.005;25.171;1.920;2.150;1.112;2.723;2.102;3.154.711;10.203;19.123;33.055;7.383;17.517;42.074;10.959;4.127;81;98;23.540;121.554;13.023;11.114;6.413;151;3.035;13;11;50;44.786;12.697;0;13;6.948;58;5.469;1.750;1.732;173;2.741;4.090;7.917;23.542;31.892;7.900;4.206;145;6;20;4.804;15.359;17.195;272.591;110.465;19.216;26.110;0;15.561;152;2;0;175;6.385;3.004;29.643;38.320;35;38.457;95;186;5.544;159;5;4.134;13.524;2.665;6.086;61;690; 4.772.996 
noviembre-11;3.485;3.977;11.620;423;1.016;96.347;1.052;77.022;245.367;834;1.869;1.243;118;44;19.524;3.097;81.930;4.780;8.435;3.886;31.608;3.369;2.250;903;2.230;2.986;3.396.272;10.386;16.215;43.897;5.954;16.753;40.615;12.882;4.017;140;200;29.306;114.858;17.025;13.872;8.921;397;3.069;41;11;114;47.523;11.424;0;139;9.624;4;5.675;2.283;2.327;245;1.836;4.915;8.025;27.482;39.237;6.098;7.408;220;8;29;4.558;15.320;15.061;311.273;87.029;21.132;32.558;6;12.063;56;29;38;34;6.023;3.504;35.352;32.444;588;23.735;49;122;5.405;109;1;562;13.725;2.198;4.779;9;706; 5.147.330 
diciembre-11;8.338;3.936;20.858;753;282;65.409;917;65.807;279.488;752;5.392;1.547;58;10;10.812;3.135;107.455;6.718;9.393;3.267;26.816;3.846;2.256;1.305;2.969;1.340;3.512.853;11.126;13.291;33.574;5.316;20.839;37.995;13.716;5.092;182;39;28.111;121.895;13.638;10.344;6.988;159;2.613;6;25;180;51.029;12.384;0;0;6.526;45;4.267;1.704;1.972;158;2.318;4.780;7.568;26.150;36.397;6.691;5.324;479;5;20;5.814;12.750;20.785;333.061;78.561;17.797;24.621;1;10.578;0;2;5;106;5.854;3.043;43.900;34.973;533;41.470;833;525;7.646;301;8;0;16.211;3.194;5.000;24;486; 5.306.738 
enero-12;3.537;2.130;18.284;515;1.192;128.712;859;66.230;197.296;329;4.530;1.475;90;13;8.973;4.345;63.274;5.139;7.486;3.351;28.018;2.425;1.893;4.716;2.402;2.581;3.313.842;10.732;14.871;30.866;5.002;8.643;34.143;10.867;3.941;341;34;25.716;118.234;12.937;11.581;4.259;217;2.343;3;17;0;38.768;8.759;10;96;4.225;58;2.882;1.629;2.387;29;1.607;3.614;3.725;18.965;22.880;5.560;2.013;312;7;0;4.367;11.392;16.692;215.465;79.417;11.381;28.741;2;9.349;39;0;10;58;3.770;1.687;25.393;28.695;420;25.732;109;4.226;5.946;183;3;583;10.097;1.007;14.391;12;695; 4.785.773 
febrero-12;9.882;6.484;6.636;322;1.229;102.204;1.311;53.397;186.693;363;7.533;1.734;96;181;15.956;2.700;63.131;6.341;5.878;3.139;30.393;1.888;2.519;1.346;1.206;1.691;3.319.381;11.611;14.223;31.202;6.534;16.140;43.320;12.094;4.866;103;61;27.502;124.968;14.076;9.614;4.923;234;2.506;7;7;131;32.520;9.850;0;17;9.484;97;5.228;1.953;2.303;227;1.981;3.937;6.665;21.058;27.668;7.159;2.914;184;1;17;4.771;15.168;27.059;326.152;114.352;20.725;31.787;33;14.865;43;13;1;92;6.137;2.661;30.981;38.178;1;37.947;39;505;4.335;452;0;1.735;9.593;1.547;18.509;31;587; 4.999.318 
marzo-12;24.134;5.196;8.254;179;959;159.288;1.593;53.696;203.636;763;3.317;4.943;48;32;31.006;4.961;78.704;5.839;8.249;3.736;29.172;2.718;2.152;1.242;2.492;6.706;3.870.611;19.162;24.093;35.074;5.641;17.832;38.376;12.915;4.659;136;21;30.545;137.335;15.314;13.808;6.348;509;2.704;7;20;101;37.830;10.267;0;150;10.080;35;5.522;2.198;2.568;46;2.156;3.908;9.143;24.284;35.109;4.971;3.394;710;5;36;5.711;14.770;23.806;295.967;105.338;26.912;23.975;0;13.628;48;52;8;50;7.885;3.241;43.063;32.357;9;44.473;349;10;5.181;98;43;717;10.783;1.648;20.603;147;845; 5.712.355 
abril-12;22.649;2.407;22.479;481;597;88.152;1.032;55.845;121.442;721;2.671;3.541;89;201;6.180;5.465;59.114;4.558;8.170;3.275;31.688;2.357;3.000;1.821;2.160;2.044;3.522.192;9.220;11.934;31.236;7.199;14.348;39.473;12.198;4.444;114;83;31.428;118.325;12.816;11.887;5.952;281;2.979;29;6;63;31.124;9.974;0;18;6.692;14;3.258;2.321;3.279;209;1.460;3.635;5.662;22.455;28.973;7.334;5.323;195;7;24;4.838;14.160;14.246;274.986;82.331;15.828;24.861;0;15.175;40;31;0;25;6.446;2.314;30.213;33.561;22;33.630;1.071;62;4.882;189;17;4;9.592;2.654;19.104;40;300; 5.010.929 
mayo-12;34.085;8.014;10.759;570;926;135.069;870;105.486;167.644;2.197;2.241;2.425;58;9;46.025;3.898;53.263;7.418;11.009;5.129;28.145;2.496;1.931;3.883;2.299;1.114;3.529.123;8.450;19.521;47.115;6.353;21.308;47.564;14.540;5.935;24;50;28.830;145.739;15.437;14.937;8.260;214;4.848;24;19;53;32.192;10.939;0;4;8.197;21;6.245;2.052;3.170;254;3.093;5.191;9.005;26.726;34.723;4.999;5.250;474;13;10;5.265;14.491;30.204;293.289;101.337;28.486;24.030;5;14.765;41;6;2;55;5.238;3.487;39.903;46.000;35;40.026;773;461;8.103;103;8;951;11.678;1.884;24.038;240;606; 5.403.375 
junio-12;34.663;5.606;11.084;602;777;81.150;858;95.953;162.433;245;1.374;1.395;49;260;14.944;3.486;51.468;7.188;7.715;3.918;31.689;2.921;1.856;5.863;2.808;1.646;2.884.610;7.798;18.785;40.872;3.505;12.918;38.276;10.626;4.776;185;43;29.003;128.289;8.813;13.376;7.797;465;3.428;5;13;40;34.379;10.935;0;12;9.151;34;4.654;3.050;2.272;175;2.286;5.199;6.801;24.150;32.376;12.071;4.055;340;5;2;5.137;18.788;17.310;308.991;82.257;31.129;30.304;108;13.580;42;7;5;42;6.573;3.102;39.297;34.137;130;32.086;29;33;5.293;470;1;1.662;11.578;2.640;20.388;107;678; 4.563.431 
julio-12;36.010;3.744;21.819;813;1.342;148.586;1.094;66.945;151.832;126;3.855;2.480;71;170;29.932;1.717;62.039;5.379;8.954;5.229;31.324;3.121;2.214;3.383;1.998;1.898;3.198.849;9.875;15.920;37.929;7.964;13.581;49.157;13.564;4.998;72;74;29.773;114.678;10.576;12.659;7.580;248;4.766;29;6;105;38.959;11.017;0;54;6.181;115;5.151;3.381;2.165;321;2.791;5.287;7.145;26.901;35.713;7.165;4.325;264;3;12;5.794;15.135;18.924;302.434;64.737;27.049;26.991;19;12.275;0;30;9;68;6.920;4.073;38.436;39.909;10;75.854;245;166;5.023;204;0;3.054;15.384;2.838;24.954;26;921; 4.976.905 
agosto-12;48.351;1.040;12.521;390;1.345;89.858;947;72.371;180.244;157;5.633;2.791;52;60;25.163;3.987;80.346;5.506;10.060;4.446;26.149;2.888;3.004;2.484;2.054;3.438;2.728.452;8.825;18.764;44.090;7.294;12.368;47.285;16.320;4.797;72;39;40.671;146.426;15.284;13.839;6.748;216;3.348;20;8;145;34.286;11.248;0;34;6.574;92;5.030;2.284;2.551;210;2.710;8.059;6.839;21.925;32.065;5.076;3.913;361;8;11;6.355;15.859;18.266;323.598;91.831;33.591;35.704;0;16.395;68;7;0;74;6.553;3.002;37.575;32.890;26;59.211;0;54;5.179;295;3;629;14.134;2.859;21.573;84;1.395; 4.570.780 
septiembre-12;42.190;1.450;9.553;382;1.278;82.213;918;58.223;123.550;422;1.412;1.059;31;87;27.813;5.305;87.865;6.045;10.652;4.310;26.784;4.543;2.814;2.981;2.392;1.347;3.207.681;11.752;13.477;35.032;3.666;9.276;46.494;11.999;3.446;73;113;32.774;120.241;9.974;12.906;7.034;251;5.569;15;4;258;32.956;11.440;0;85;5.743;54;6.516;2.926;2.780;190;2.424;4.773;9.677;22.488;30.748;8.877;4.634;256;1;20;5.225;13.283;24.737;339.154;81.160;26.300;25.708;0;16.270;74;0;18;84;6.812;3.366;36.925;38.135;0;65.423;28;0;5.005;46;4;610;13.320;1.296;19.968;2.265;940; 4.910.403 
octubre-12;32.749;1.858;14.219;402;1.497;83.430;761;90.030;159.793;416;2.081;451;60;119;35.628;3.494;77.841;7.722;8.406;4.583;30.437;2.925;5.326;6.016;3.161;992;3.594.653;11.173;15.641;39.094;5.342;8.766;53.836;13.347;5.820;100;62;34.166;133.484;17.613;15.805;6.986;148;3.297;18;4;59;36.997;12.826;0;84;5.694;3;4.676;2.164;3.038;313;2.733;5.446;7.522;30.623;38.217;9.583;4.227;266;61;3;4.893;14.509;16.598;353.274;58.732;22.746;29.233;28;13.434;666;69;0;30;7.549;3.414;40.293;51.602;12;64.682;62;33;8.300;617;2;6;16.813;3.012;23.198;20;821; 5.432.930 
noviembre-12;39.250;5.835;7.997;185;929;110.802;765;84.521;144.269;1.436;1.407;1.600;17;4;41.974;527;51.033;6.764;8.479;4.484;26.487;2.619;3.149;1.836;2.354;754;2.998.227;15.224;15.749;44.624;4.892;7.979;48.994;15.415;5.524;537;106;29.760;127.992;12.951;15.035;8.263;68;4.111;5;2;101;37.906;11.669;0;8;4.504;33;4.646;2.628;2.414;226;2.943;3.847;7.824;29.838;40.049;8.794;6.698;155;5;12;5.312;15.746;18.160;299.121;101.284;15.796;37.705;23;20.562;3.025;11;9;101;6.121;2.882;42.712;41.636;178;79.362;0;122;5.839;269;4;1.114;15.454;2.990;21.865;44;660; 4.807.338 
diciembre-12;26.473;4.602;12.664;814;1.145;69.068;1.034;77.747;166.159;580;1.725;2.305;55;89;8.926;4.370;42.670;5.422;9.791;4.063;27.016;3.401;3.409;588;1.862;9.246;3.301.863;11.439;16.049;44.314;5.577;6.616;40.320;13.253;3.517;168;136;32.733;125.344;14.095;15.025;7.343;343;4.561;10;9;285;30.562;7.849;0;16;4.655;5;4.256;2.216;3.920;67;2.739;4.726;5.030;26.990;31.173;5.551;5.858;253;10;15;5.195;11.923;18.455;320.002;84.517;21.269;31.772;22;16.079;3.139;7;1;65;7.457;3.075;47.243;51.948;19;20.342;0;163;5.982;148;53;1.881;13.471;2.173;20.419;150;541; 4.951.628 
enero-13;30.333;5.418;9.373;1.095;1.223;103.522;1.037;51.509;177.150;156;2.817;1.450;29;11;11.781;2.211;43.162;6.136;6.415;3.502;28.946;2.518;4.028;5.301;1.668;979;3.242.512;10.577;18.228;32.982;6.988;8.555;47.299;13.413;3.628;47;22;31.627;147.147;7.614;14.135;6.121;266;2.566;12;10;57;29.918;10.558;0;6;1.991;49;3.295;1.297;1.720;132;2.172;2.932;5.740;15.280;22.937;5.610;1.927;220;25;11;3.409;12.411;13.556;321.802;78.212;17.863;24.061;0;12.326;2.323;54;13;61;4.108;1.660;32.846;33.337;9;53.178;8;31;5.432;283;19;20;11.192;1.620;17.305;69;593; 4.849.196 
febrero-13;38.597;18.971;9.697;178;1.137;96.709;1.204;53.641;171.569;335;2.060;1.637;53;103;11.915;2.933;42.983;7.069;7.784;4.022;30.681;1.612;1.833;6.840;2.653;1.072;3.008.895;12.539;12.561;33.048;6.565;6.582;48.153;11.205;4.232;37;28;27.452;125.746;9.897;15.900;5.199;368;3.678;19;12;19;30.014;8.372;0;28;5.131;6;3.863;1.339;3.346;67;1.873;3.568;6.557;20.268;22.586;6.892;3.427;270;4;1;3.763;10.916;12.280;261.910;55.731;12.434;35.435;18;18.711;5.052;14;5;70;5.951;2.260;29.539;40.665;20;167.744;143;1.533;5.330;172;10;2.558;9.769;1.641;16.222;17;820; 4.667.767 
marzo-13;46.802;15.601;18.027;339;1.283;129.654;1.552;59.911;127.181;400;1.750;3.578;28;12;17.754;1.952;42.333;6.167;7.434;4.119;21.665;1.911;2.787;8.397;1.964;1.128;3.015.949;14.656;11.248;36.742;3.959;7.588;39.505;13.478;3.549;345;99;46.626;105.201;14.008;14.938;7.298;160;4.068;11;30;36;25.971;6.155;0;8;4.778;23;4.500;2.203;2.179;164;2.035;5.080;5.907;19.138;28.726;8.451;2.735;267;26;35;4.579;12.982;19.569;270.652;89.858;13.890;28.037;63;19.310;1.136;32;0;101;5.085;2.990;40.615;35.420;29;50.356;1.838;477;6.381;142;1;0;11.584;2.294;17.960;148;712; 4.617.842 
abril-13;47.492;13.007;11.273;308;1.015;165.983;1.311;104.229;152.040;1.584;6.542;1.581;115;84;28.320;4.660;47.173;7.021;10.253;4.038;31.568;2.691;2.029;8.802;2.328;1.107;3.095.552;13.752;14.030;45.571;6.131;8.205;49.796;15.760;6.073;0;133;37.359;144.120;12.750;17.428;8.797;395;3.669;21;11;78;35.701;9.123;0;6;5.002;13;3.996;2.032;2.366;199;2.289;5.358;5.905;23.901;33.771;14.077;6.483;348;25;18;4.944;15.485;21.573;260.938;79.962;15.017;29.627;93;20.545;2.993;9;5;79;6.807;2.879;44.460;48.373;98;62.669;38;230;9.982;239;23;882;10.419;2.476;21.368;40;431; 4.949.487 
mayo-13;34.713;24.394;6.318;332;1.556;139.466;1.090;80.260;168.982;3.194;1.789;2.153;154;33;27.036;326;44.732;9.046;9.370;4.115;30.566;2.688;3.698;4.854;1.455;3.160;3.494.108;14.941;14.678;50.076;6.835;9.672;53.501;18.376;4.695;193;133;39.054;146.351;11.945;18.662;8.007;359;4.711;31;41;97;32.316;9.494;0;0;6.196;0;4.635;2.348;2.729;131;2.383;4.925;7.612;26.315;33.415;8.866;4.738;349;16;32;4.514;15.780;13.567;209.377;86.963;19.654;25.370;22;17.408;1.057;40;1;172;7.103;3.435;42.746;42.807;64;144.903;3.769;322;10.352;117;11;1.346;11.508;2.394;18.498;91;633; 5.332.470 
junio-13;13.529;22.834;22.996;245;1.250;119.036;1.542;77.570;138.027;1.821;1.917;1.763;13;28;35.959;5.262;38.836;7.141;7.856;4.800;24.576;2.520;2.733;4.167;2.063;985;3.263.329;10.350;11.877;37.647;8.087;8.228;45.239;16.400;3.355;0;124;47.114;129.648;12.514;17.812;5.900;283;2.928;2;29;182;32.242;8.140;0;0;4.591;18;4.802;1.886;2.055;264;2.704;3.375;4.890;19.193;25.442;1.804;4.530;369;42;6;4.328;11.446;17.129;210.994;61.705;18.012;34.593;198;19.168;1.142;4;5;131;5.235;2.842;41.453;50.865;33;75.904;32;48;5.944;195;2;518;11.734;2.569;17.085;96;557; 4.870.839 
julio-13;10.417;8.380;8.625;335;2.115;101.302;1.206;77.350;159.759;2;2.861;2.540;118;274;33.246;2.710;47.655;7.919;9.592;4.539;28.112;2.175;3.138;5.172;2.186;1.390;3.092.261;11.136;22.847;42.939;8.349;8.909;52.359;15.748;4.398;41;252;46.601;133.846;7.472;19.756;6.849;233;3.760;17;27;187;38.663;12.089;0;33;5.078;14;4.285;2.038;2.258;159;2.665;6.310;5.537;21.778;28.321;8.885;3.146;194;12;0;4.054;13.223;15.214;171.275;58.643;20.476;25.350;4;16.622;484;30;3;85;5.357;4.386;37.205;46.959;90;34.797;1.491;66;12.441;433;0;1.304;13.928;2.729;21.710;80;1.288; 4.652.297 
agosto-13;19.297;12.285;18.239;1.394;854;129.861;1.260;40.390;169.040;53;2.497;3.073;61;18;27.703;4.311;50.743;7.271;9.763;5.431;31.051;2.315;2.071;7.861;2.452;284;3.523.906;10.748;14.681;35.874;8.432;9.287;46.368;13.996;3.577;0;86;50.972;106.468;10.793;17.906;6.902;453;3.507;8;51;55;32.761;6.718;0;1;3.156;12;4.637;1.218;1.650;188;2.388;4.110;4.821;21.843;25.890;7.008;3.516;331;6;10;4.478;11.374;13.925;127.586;68.503;10.458;25.024;19;15.880;1.680;24;37;62;6.743;3.014;35.855;39.905;0;44.559;0;35;5.160;92;2;576;10.460;1.043;16.034;37;1.229; 4.977.706 
septiembre-13;18.739;21.501;8.246;7.375;1.540;96.774;1.284;39.037;152.688;698;3.063;1.888;32;28;18.457;3.260;73.306;7.809;10.390;3.926;25.920;2.318;3.625;5.057;2.194;15;3.296.908;12.666;16.529;39.475;7.260;8.764;44.490;18.726;5.816;0;34;50.737;149.759;8.366;13.648;5.165;297;3.341;40;8;233;31.173;8.836;0;2;4.535;17;3.762;2.008;2.204;269;2.426;3.937;6.313;20.401;27.782;9.083;4.609;372;82;35;4.946;12.801;15.783;177.265;67.478;13.512;35.129;36;16.494;1.854;0;0;184;5.988;3.689;40.801;37.042;33;53.401;113;210;5.696;197;2;543;11.969;1.235;23.188;376;755; 4.849.996 
octubre-13;21.982;24.647;13.968;7.492;665;85.105;1.134;71.498;152.603;4;3.011;1.653;71;22;27.441;2.804;58.371;9.426;15.679;5.289;26.915;3.157;4.018;3.096;2.000;161;3.208.410;7.878;18.404;50.485;9.577;9.360;54.559;18.666;4.974;0;52;61.785;146.913;8.151;16.832;7.752;387;4.629;9;22;483;37.438;7.648;0;2;7.112;16;4.587;2.508;1.932;126;2.582;3.712;8.389;24.859;34.469;4.200;5.100;237;16;6;6.082;14.701;19.505;152.801;60.297;16.374;26.625;23;19.358;2.847;70;7;47;5.608;3.610;48.628;35.115;0;51.097;1.548;5.580;9.308;153;2;50;13.570;3.275;24.127;57;1.039; 4.837.983 
noviembre-13;6.623;24.394;13.621;8.338;1.208;95.475;1.160;75.566;173.175;1.168;2.440;2.150;61;38;19.331;8.152;78.885;6.828;8.972;4.727;22.549;3.598;2.689;1.709;1.427;2.229;3.382.789;14.139;11.506;47.137;6.036;8.093;43.414;16.187;5.910;0;48;45.657;127.218;7.817;14.834;6.976;351;3.325;5;17;130;32.818;8.303;0;0;3.997;9;4.708;2.066;1.901;237;2.152;4.049;5.841;22.788;32.931;8.030;7.016;248;5;21;5.042;11.998;12.680;157.319;55.803;16.477;23.373;32;15.881;2.185;39;15;116;6.931;3.407;41.848;33.923;108;62.883;1.237;1.116;9.474;379;7;1.341;14.171;3.171;21.886;128;475; 4.948.665 
diciembre-13;5.565;15.793;9.013;8.729;1.394;81.765;1.619;96.415;191.779;2.334;2.065;1.338;41;22;11.587;3.666;81.783;9.917;12.385;4.621;24.380;2.944;4.332;5.940;1.722;96;3.658.324;10.142;12.887;45.284;8.389;8.187;40.192;15.935;5.058;0;37;50.525;138.802;6.739;14.736;8.345;350;2.813;9;51;93;32.811;7.273;0;0;3.313;0;4.069;1.563;1.567;201;2.496;3.894;6.057;18.951;27.747;3.715;4.342;157;3;24;5.930;9.286;20.983;185.403;63.836;23.031;26.159;35;18.248;196;24;2;83;4.674;3.294;41.305;38.433;0;60.192;71;767;6.189;116;3;754;11.185;2.326;22.606;95;570; 5.272.122 
enero-14;2.462;20.538;10.303;1.446;1.412;108.713;1.691;76.813;142.634;626;6.858;2.580;14;0;12.340;2.580;55.512;4.787;5.421;4.057;23.321;725;2.020;2.712;2.020;225;3.514.768;14.673;17.433;27.577;9.993;6.480;29.208;11.737;3.494;0;153;32.717;110.753;3.909;17.451;4.717;422;4.060;1;16;72;28.218;6.606;1;5;2.320;25;3.123;2.046;1.535;175;1.356;4.522;3.089;15.315;19.680;3.531;1.885;279;7;13;3.157;10.903;13.232;132.163;63.941;16.192;23.505;2;12.852;3.086;72;3;41;4.982;2.087;35.059;30.741;20;15.784;759;263;7.377;104;38;1.113;6.841;1.734;27.048;17;548; 4.808.832 
febrero-14;3.128;8.298;4.701;584;588;127.355;1.610;96.499;202.636;179;2.335;3.337;92;12;16.847;3.812;58.180;10.492;13.389;4.673;21.723;1.202;2.387;5.029;971;37;2.777.860;8.498;9.616;33.094;16.621;7.469;44.904;13.048;6.818;103;43;31.771;118.477;6.504;15.393;5.652;239;3.786;3;16;109;30.981;6.115;0;1;3.371;17;4.316;1.182;1.314;191;1.976;4.064;4.010;15.480;25.164;4.160;2.567;181;24;13;3.788;9.986;14.503;145.861;51.773;18.444;20.861;29;15.930;1.417;9;3;103;4.121;3.200;47.974;35.379;84;55.363;926;4.561;5.918;311;0;165;7.305;2.060;24.921;100;1.099; 4.271.442 
marzo-14;3.083;3.020;12.877;2.833;1.758;124.838;1.571;75.099;153.517;69;4.535;2.141;74;112;33.963;2.277;64.006;13.233;9.213;3.831;26.100;2.577;3.066;6.574;1.695;395;2.892.045;10.168;12.999;35.980;11.994;8.380;38.787;14.612;2.278;107;123;38.881;132.712;9.495;20.277;6.487;699;5.400;11;58;48;27.143;10.389;0;131;3.011;1;4.851;1.306;2.666;242;2.479;4.685;6.819;17.519;24.685;2.806;2.869;176;3;1;4.187;9.271;20.671;182.147;51.982;13.346;26.744;0;18.715;2.458;37;0;95;6.417;1.900;35.882;36.721;18;51.431;58;3.659;6.662;149;4;415;10.050;1.958;16.562;288;575; 4.408.181 
abril-14;1.024;1.026;20.173;181;1.420;118.332;1.852;75.385;224.407;6.839;2.849;2.231;91;114;39.414;2.583;68.689;10.429;12.821;3.484;26.314;1.777;4.464;6.118;1.183;2.296;2.795.104;12.565;16.330;38.725;14.577;8.563;41.495;18.718;4.650;52;72;35.638;116.505;8.923;17.809;6.121;348;3.755;22;27;138;26.837;7.825;0;9;2.796;54;4.999;1.634;1.637;98;2.141;4.906;4.809;19.142;25.318;7.340;3.077;279;5;10;3.420;7.057;18.054;139.512;43.332;14.255;18.349;29;19.400;1.541;36;7;90;5.290;3.062;39.406;28.282;26;50.621;611;424;7.009;147;1;299;9.091;1.742;16.625;57;351; 4.316.676 
mayo-14;6.123;2.142;16.616;197;1.945;171.118;1.441;131.717;213.124;8.232;2.340;1.751;71;114;51.230;2.131;55.205;10.173;10.942;4.525;27.154;2.903;3.674;3.702;2.742;2.442;3.776.531;11.922;19.220;36.207;19.837;9.573;37.763;21.629;2.794;0;23;46.315;124.860;6.810;17.253;7.325;195;4.668;6;54;289;31.545;9.553;0;0;3.897;57;4.823;1.904;2.732;92;2.663;4.048;6.577;19.426;26.335;9.847;4.885;137;4;36;5.394;10.425;23.192;143.090;75.615;21.084;23.428;16;16.760;1.307;49;0;105;5.757;3.062;37.854;41.685;195;42.140;68;396;6.949;135;6;322;9.587;3.370;16.954;306;1.025; 5.495.867 
junio-14;9.246;1.587;8.863;223;664;136.780;760;97.873;161.248;577;6.635;2.243;179;216;49.533;3.496;55.060;11.907;12.572;4.180;23.753;1.962;2.278;7.503;1.450;367;3.219.859;10.776;14.561;42.136;4.981;6.608;36.279;16.453;3.438;0;32;42.962;125.770;6.436;17.470;6.531;542;3.117;18;68;52;26.384;5.734;0;0;3.162;14;4.922;1.480;2.002;91;2.063;4.645;5.865;17.229;22.264;1.752;2.860;198;4;9;3.870;9.063;16.424;138.578;68.438;15.825;20.561;0;15.127;581;102;4;64;4.758;2.943;25.662;37.089;41;47.056;500;911;6.449;176;5;175;8.247;1.346;19.040;1.356;505; 4.704.814 
julio-14;7.342;1.671;17.791;388;1.797;132.805;1.585;60.771;229.475;696;5.709;2.996;347;46;44.681;1.640;60.555;14.202;12.019;5.142;31.250;2.726;3.355;3.231;3.602;232;3.295.818;15.622;14.511;53.066;9.588;9.071;43.262;20.774;8.674;193;46;42.894;167.491;9.001;23.125;8.362;368;5.833;12;59;38;35.128;8.177;0;0;2.226;62;5.737;1.840;1.482;147;3.229;7.799;7.169;18.469;28.606;11.099;3.262;223;2;2;5.993;14.554;26.514;156.463;78.270;15.202;27.131;12;17.358;897;19;8;119;6.405;3.399;43.918;48.125;171;52.431;3.432;299;7.165;137;22;83;11.767;2.845;16.251;254;1.165; 5.048.930 
agosto-14;10.215;1.577;17.001;1.608;1.252;84.902;1.295;63.112;218.585;34;1.976;2.108;209;24;29.071;4.040;92.555;14.272;27.358;4.671;24.687;1.478;2.703;4.522;1.882;173;3.222.883;12.863;15.131;52.944;5.688;9.799;46.283;17.662;15.452;0;43;37.641;145.388;6.412;14.821;5.589;447;6.212;4;25;38;33.133;5.800;0;0;3.588;1;5.083;1.506;1.526;232;2.207;4.939;5.576;17.476;25.407;8.336;3.553;258;5;15;3.962;11.409;21.092;129.954;74.158;11.046;24.546;12;17.708;128;43;2;177;6.452;3.158;45.305;34.648;152;40.244;160;6.651;6.990;175;1;35;8.731;2.199;17.095;230;1.348; 4.813.091 
septiembre-14;2.861;1.854;21.788;2.140;1.101;93.769;829;73.320;216.896;1.265;3.335;2.628;269;29;29.744;7.040;93.815;12.916;19.956;4.818;24.469;2.929;2.884;1.110;1.720;55;3.400.175;8.891;11.035;48.469;6.596;9.798;42.388;18.766;5.070;1;40;45.324;167.165;11.073;20.284;6.660;505;4.783;9;62;1.052;26.921;6.615;0;1;4.912;59;4.803;1.665;1.478;143;2.883;3.880;6.887;15.811;22.707;6.543;3.632;216;25;6;4.493;13.522;20.737;171.207;82.341;11.427;19.059;0;18.156;308;18;7;137;5.956;3.237;35.582;46.927;51;62.066;1.424;715;7.500;119;1;11;11.095;2.366;16.386;675;850; 5.077.247 
octubre-14;2.813;2.356;16.068;485;1.976;101.413;736;46.480;252.496;1.001;2.872;1.410;235;81;13.132;4.930;73.510;10.349;18.157;4.326;27.110;2.499;3.152;1.062;2.174;7.487;2.706.863;9.951;11.222;57.627;4.968;9.365;41.315;16.822;4.949;0;41;39.102;151.437;8.647;17.319;7.271;393;4.489;9;39;52;28.000;6.781;0;0;7.124;15;5.429;2.423;1.740;158;2.554;5.810;5.294;20.210;32.282;4.919;5.299;307;2;19;4.418;13.034;21.562;167.284;55.816;12.140;18.292;23;17.870;1.045;131;2;107;6.472;3.412;50.034;42.029;543;45.529;36;60;8.686;134;17;534;11.188;3.062;19.420;378;461; 4.322.278 
noviembre-14;3.708;3.555;17.095;2.735;1.030;99.458;706;45.172;267.402;1.180;1.732;2.315;144;81;16.350;4.472;89.304;21.967;11.468;4.632;27.354;3.859;3.255;3.118;1.549;7.120;2.237.363;11.506;10.490;51.326;15.322;8.350;40.679;17.105;6.632;0;48;37.369;115.530;6.950;19.003;6.727;603;4.076;26;49;36;27.603;6.341;0;2;4.214;82;4.315;1.759;1.313;91;2.295;4.329;5.255;16.584;30.666;7.258;5.104;166;4;15;4.274;10.784;23.758;122.895;58.910;12.004;22.672;0;16.018;360;24;17;282;6.144;3.528;58.590;32.048;141;35.806;2.402;38;8.454;139;16;0;11.456;2.352;13.557;356;315; 3.794.686 
diciembre-14;6.320;2.399;11.847;391;1.751;86.626;723;76.525;244.052;1.213;2.268;1.704;165;22;11.616;5.047;53.163;11.198;13.803;3.979;21.029;4.994;2.775;9.475;2.773;71;2.160.978;9.066;13.292;47.065;13.420;9.266;41.122;18.090;5.707;61;32;54.523;140.849;5.682;15.863;10.746;489;4.272;10;31;0;24.028;7.929;0;13;3.384;49;6.020;1.473;2.113;150;2.222;5.717;5.848;16.041;28.409;5.640;3.801;285;2;1;5.243;13.673;18.652;209.913;67.931;14.844;23.918;61;15.273;287;110;1;70;6.093;3.441;37.279;45.597;242;51.669;395;1.164;8.128;143;4;91;13.092;2.655;13.728;124;1.271; 3.794.711 
enero-15;5.830;1.047;14.014;333;1.196;118.788;1.499;65.500;288.671;898;2.179;2.560;138;1;12.538;3.665;49.613;6.788;8.840;4.058;28.274;1.670;1.487;1.378;1.712;534;1.564.542;8.936;10.033;40.647;8.902;7.002;30.800;11.242;5.373;0;14;25.569;124.536;6.028;17.581;3.702;146;3.484;12;20;54;27.332;5.093;0;1;1.356;19;3.348;1.066;980;85;1.267;4.153;767;12.421;20.143;4.230;1.617;116;27;4;2.111;7.343;12.182;106.959;61.687;16.074;21.531;0;14.768;502;8;0;94;3.779;2.013;22.053;28.933;22;8.961;140;141;6.814;144;2;0;6.610;1.909;15.631;37;665; 2.916.976 
febrero-15;5.157;2.041;13.605;221;1.582;114.441;1.145;89.153;251.209;99;2.309;2.287;60;10;16.544;1.273;74.476;10.105;9.152;3.686;24.997;2.254;3.120;3.863;1.673;0;1.787.639;6.741;13.760;37.439;5.385;8.445;45.214;16.715;4.555;0;26;35.674;112.432;6.049;19.359;5.220;680;2.804;51;23;183;19.707;5.377;0;2;2.484;24;4.442;1.337;859;135;1.985;4.481;4.244;14.448;20.900;6.656;2.653;100;0;0;3.632;9.316;12.718;43.194;22.505;13.888;20.736;23;19.976;142;32;5;49;5.383;2.393;40.127;42.497;40;53.957;2;161;12.532;63;0;0;6.965;1.923;15.111;95;805; 3.160.957 
marzo-15;2.885;1.819;6.095;407;939;148.015;2.497;93.698;211.129;2.514;1.619;3.329;61;69;28.167;2.924;49.242;8.259;13.093;3.661;24.133;3.370;1.992;9.835;2.604;78;2.008.364;4.662;9.486;44.846;11.675;7.560;36.224;14.091;4.902;63;40;26.289;102.898;5.994;15.716;6.407;903;2.462;24;56;41;18.710;5.388;0;0;2.434;50;3.851;1.091;1.395;115;1.827;4.542;4.180;14.969;26.579;3.165;4.526;313;14;26;3.019;6.242;13.883;109.769;84.614;11.693;18.646;0;22.315;142;1;18;91;4.778;2.789;35.904;37.559;162;56.780;10;51;7.520;271;0;887;7.940;3.198;14.525;65;758; 3.461.944 
abril-15;5.386;1.256;10.792;400;1.583;111.675;1.260;107.938;182.545;7.642;1.439;1.664;199;14;33.448;1.351;51.676;13.017;12.026;4.927;27.818;2.718;2.800;5.600;1.935;47;1.769.223;9.574;12.864;46.380;15.685;10.341;38.840;14.895;5.190;0;13;31.375;129.003;9.065;17.014;7.130;579;4.404;17;10;201;25.932;5.923;0;1;3.607;19;5.907;1.462;1.099;137;2.558;5.487;7.508;16.081;29.062;7.320;3.918;139;7;1;2.922;10.683;15.231;128.589;32.678;9.506;19.464;0;16.287;129;5;5;154;7.026;2.908;39.595;35.520;385;28.612;50;860;7.650;274;14;75;9.689;1.940;19.635;88;606; 3.219.706 
mayo-15;3.036;1.562;6.597;337;1.792;145.782;938;72.664;194.717;2.523;1.401;1.048;98;93;43.167;1.957;43.515;10.404;9.859;4.500;26.405;1.945;3.456;1.708;2.727;7.886;1.948.457;7.579;15.793;39.038;18.843;8.109;37.482;18.608;5.454;0;30;55.783;131.456;8.461;15.238;6.641;975;3.614;7;33;89;30.766;7.265;0;0;3.010;114;5.611;1.431;1.195;147;1.877;4.302;6.340;15.211;25.433;7.701;3.967;129;13;0;3.512;10.808;14.882;83.754;31.682;15.449;23.544;14;22.214;1.251;11;48;34;6.607;3.303;35.198;42.569;620;18.519;2.031;140;10.126;280;6;33;8.701;1.403;17.162;292;574; 3.381.084 
junio-15;423;1.735;14.488;520;817;96.687;1.205;74.870;160.585;1.778;2.182;2.456;175;45;25.248;207;38.825;7.204;8.287;4.887;23.620;1.853;3.461;3.374;1.907;209;1.779.805;8.039;11.348;41.750;21.077;9.241;36.644;17.235;5.231;0;25;42.315;127.191;8.616;14.384;7.178;1.182;3.950;10;21;126;25.826;6.407;0;0;3.102;47;4.502;1.185;2.141;109;2.055;3.977;5.944;15.723;25.269;4.473;2.604;151;175;6;3.416;7.677;13.207;143.783;41.651;17.832;25.133;21;18.246;536;30;7;84;4.944;2.637;37.313;36.821;40;107.537;85;1.081;9.622;157;9;470;9.531;2.545;16.103;75;700; 3.217.408 
julio-15;4.479;3.630;19.744;3.881;1.593;110.722;1.206;52.353;239.676;103;1.511;1.743;149;35;57.370;174;46.157;10.001;9.913;6.057;23.472;2.536;3.352;4.409;2.472;7.904;1.539.580;8.084;11.071;43.346;12.613;9.657;40.270;18.849;4.352;4;28;69.852;124.287;7.343;12.572;5.631;638;4.341;47;27;111;27.982;7.259;0;0;2.369;59;5.432;577;1.211;82;2.179;4.644;5.364;15.474;30.547;5.783;2.684;216;9;38;4.838;10.659;16.599;122.843;53.565;12.240;18.717;1;16.771;670;6;42;1;6.637;3.083;31.502;44.035;46;21.881;27;68;7.451;280;63;207;10.580;1.597;18.102;117;1.895; 3.043.778 
agosto-15;2.491;4.079;9.985;3.595;850;93.365;926;53.510;218.631;40;1.430;1.583;136;12;20.317;293;51.084;15.505;12.634;4.825;21.989;2.432;2.284;4.685;1.795;79;1.521.449;7.303;13.701;40.080;18.715;9.553;33.192;15.996;5.206;0;28;40.777;110.972;6.563;12.129;6.014;836;3.956;27;21;69;22.109;5.053;0;0;3.177;15;4.514;1.279;1.480;37;1.576;3.664;4.929;14.834;24.933;10.099;2.246;169;23;17;3.921;7.295;14.863;129.617;30.578;10.471;20.629;4;14.851;404;32;4;68;4.724;2.531;32.792;41.960;38;35.493;3.071;1.184;9.892;1.284;0;0;8.524;2.881;14.896;121;1.027; 2.868.451 
septiembre-15;474;5.510;9.675;8.548;891;97.903;1.248;68.846;250.151;603;2.490;2.703;75;86;48.827;1.770;52.296;9.989;11.501;5.630;28.561;2.627;2.694;3.929;1.472;5.028;1.415.502;7.314;14.160;46.258;12.130;7.777;37.366;11.482;4.151;1;160;70.694;115.816;6.471;14.609;6.238;618;4.005;19;4;217;21.945;5.944;0;2;1.986;37;5.328;1.160;2.107;175;1.461;4.383;5.227;14.374;25.926;10.388;4.256;282;18;5;3.538;8.544;16.686;119.087;43.852;11.388;20.205;0;18.330;346;34;16;227;7.606;2.783;38.115;32.407;52;29.534;2.305;537;8.582;119;4;112;10.574;2.545;15.112;662;1.342; 2.898.168 
octubre-15;6.045;5.348;16.739;4.967;2.455;84.165;746;88.962;179.341;134;1.279;1.273;112;35;32.254;1.696;56.980;16.172;13.392;4.440;21.891;2.402;2.836;3.663;2.051;5.083;1.476.356;6.188;10.296;35.899;8.742;7.038;34.239;14.657;4.244;51;67;63.549;112.583;4.453;10.557;6.066;1.530;3.014;8;30;50;16.602;4.661;0;0;1.688;107;4.548;907;988;154;1.550;3.585;4.280;13.492;26.680;4.710;2.895;290;68;18;3.171;8.233;12.298;104.313;26.180;12.931;13.036;20;20.829;284;11;20;38;4.651;2.383;34.863;46.231;69;45.523;3.712;160;8.356;218;4;406;9.808;1.269;14.106;394;705; 2.815.522 
noviembre-15;6.793;5.011;13.428;383;1.289;102.619;1.267;53.086;191.276;55;1.454;2.413;134;111;17.901;2.244;55.709;9.484;9.096;4.471;23.290;1.997;1.417;968;1.743;15;1.200.279;6.329;10.636;44.420;6.743;7.192;35.041;14.367;4.247;123;70;41.322;93.391;3.047;11.017;6.462;968;3.795;23;12;92;23.285;5.570;0;0;2.044;5;4.266;503;882;163;1.439;3.652;4.461;14.067;26.073;1.823;3.763;142;55;3;2.630;7.419;11.971;95.739;36.940;11.992;15.125;3;17.447;294;15;13;92;4.109;2.867;31.076;41.123;463;39.434;3.350;69;7.865;52;1;2;10.391;2.079;11.710;168;666; 2.444.535 
diciembre-15;7.365;4.056;13.066;468;1.705;84.422;1.293;69.191;217.994;13;1.561;2.709;121;32;47.709;1.068;40.578;12.018;9.408;5.376;21.628;1.937;2.602;2.781;2.860;211;1.176.466;5.605;15.770;43.863;2.352;7.959;32.984;12.540;4.348;79;374;46.988;139.284;3.501;10.702;6.840;1.530;3.749;14;19;83;21.218;5.937;0;13;2.690;45;4.924;1.370;690;110;1.376;3.763;4.271;12.125;24.323;9.597;3.296;274;1;9;3.185;6.124;20.263;125.436;33.464;9.441;13.889;2;18.455;117;17;0;76;5.331;2.727;37.904;39.448;47;57.446;16.491;1.445;9.618;127;3;290;9.257;2.032;12.612;23;473; 2.588.994 
enero-16;4.966;2.548;12.519;403;1.561;82.264;1.983;48.570;163.588;363;992;3.454;25;3;14.988;430;47.419;10.577;8.301;3.168;16.300;966;1.695;750;1.891;10.690;892.320;10.090;9.062;31.501;17.440;5.302;20.321;8.177;6.299;0;12;18.464;83.890;1.693;12.751;3.567;639;3.290;16;4;195;16.123;3.469;0;0;565;11;2.723;473;901;28;819;2.366;2.550;10.063;16.373;3.434;1.662;106;10;0;2.545;7.454;12.372;81.666;25.079;6.426;12.979;0;10.847;124;12;6;92;3.127;1.857;30.519;35.000;58;32.506;2.883;32;6.383;36;5;5;8.514;1.278;9.061;166;894; 1.919.053 
febrero-16;2.570;3.908;6.101;453;908;149.170;1.805;94.718;184.226;103;1.283;2.919;166;33;24.711;1.516;75.910;28.489;15.597;4.507;19.569;1.107;2.479;3.080;1.598;1;998.452;6.430;10.196;45.614;1.238;6.948;34.810;9.721;3.982;185;35;27.590;96.323;3.799;12.954;5.773;1.337;3.336;58;6;87;16.876;5.131;0;0;1.837;658;4.003;729;1.122;183;1.073;3.417;3.411;11.546;21.064;13.563;2.703;250;44;4;3.194;5.995;19.726;114.465;19.221;9.563;13.302;12;17.346;209;29;7;30;4.170;2.186;29.890;33.447;78;35.010;4.653;93;10.558;93;64;26;9.108;1.345;10.438;38;1.012; 2.328.723 
marzo-16;2.093;3.391;5.550;258;2.293;122.940;2.336;114.363;179.114;623;976;3.051;72;21;32.114;2.564;69.847;12.195;11.655;5.439;20.045;1.891;4.320;5.672;1.286;150;1.006.426;6.287;5.833;30.215;19.041;6.642;30.361;9.674;2.576;231;13;30.996;98.069;3.266;11.453;6.428;1.146;2.716;33;26;183;16.100;5.354;0;0;2.274;390;4.736;1.331;897;79;1.545;3.849;4.752;11.812;21.630;7.324;2.661;240;24;11;3.343;6.846;13.817;113.130;34.335;8.695;13.811;1;21.655;334;12;7;61;4.643;2.265;35.673;37.312;53;43.708;1.887;132;8.254;200;5;884;9.316;1.624;11.145;153;820; 2.334.998 
abril-16;11.529;1.948;4.075;545;1.326;126.167;1.488;113.101;281.210;475;1.264;1.706;127;69;35.933;2.863;35.361;10.946;7.593;5.494;35.563;2.802;3.688;3.011;1.880;6.116;1.050.889;8.058;7.243;32.193;19.207;5.658;30.959;10.454;3.881;0;75;33.402;96.594;5.010;8.896;5.402;1.070;3.150;40;20;86;19.784;4.822;0;1;1.381;178;3.556;553;819;103;2.113;4.080;3.455;13.775;20.622;6.238;3.025;246;57;1;3.476;7.886;15.154;97.863;29.069;8.788;16.082;1;22.313;2.058;48;9;36;4.105;2.077;37.552;42.127;248;38.789;2.229;34;6.523;88;3;172;9.011;2.080;11.501;353;746; 2.463.793 
mayo-16;4.265;2.009;6.532;437;1.627;139.853;1.607;114.431;152.586;10.769;1.332;1.496;153;39;52.783;1.790;31.522;8.784;8.880;5.053;22.641;1.700;3.215;4.648;2.275;82;1.378.526;8.156;9.907;47.149;22.108;7.075;34.296;11.232;3.736;173;93;44.294;108.481;3.931;9.558;6.768;1.154;2.887;35;23;132;19.586;6.695;0;4;1.948;215;4.101;655;728;37;1.870;4.123;3.570;16.873;20.898;6.722;2.725;293;11;11;3.685;7.321;12.035;113.256;34.862;11.214;14.586;3;20.189;87;28;6;172;4.661;2.877;31.228;39.794;331;48.584;1.629;673;6.589;839;21;165;9.461;1.405;13.736;68;675; 2.751.470 
junio-16;3.412;1.805;12.676;466;1.470;117.053;1.371;126.423;176.289;44;836;1.721;83;73;36.600;1.827;23.659;9.733;7.200;6.266;22.597;2.270;2.082;2.888;1.109;5.881;1.481.108;7.587;10.465;40.419;13.790;6.175;34.436;10.864;3.612;0;45;29.579;115.239;5.554;10.546;5.167;1.342;4.690;23;12;199;16.585;4.207;0;0;1.608;361;4.031;583;3.008;129;1.504;4.056;3.851;14.044;21.674;6.846;2.406;165;18;9;3.809;8.827;12.538;94.280;39.426;8.916;13.857;0;23.304;167;28;5;22;4.200;2.513;33.243;34.669;494;33.020;6.208;1.055;6.819;101;3;218;7.291;1.445;11.363;108;811; 2.780.512 
julio-16;2.826;2.393;8.728;395;729;101.545;1.482;38.219;128.998;67;984;2.146;71;10;39.882;2.445;24.070;8.402;5.125;3.862;17.209;1.028;3.136;698;1.279;5;1.303.437;6.025;7.103;31.884;7.070;3.806;27.342;8.875;2.209;378;71;46.499;90.771;3.039;7.296;4.625;1.066;2.733;10;22;0;13.396;3.961;0;0;467;49;3.095;524;289;40;1.379;3.127;2.580;11.101;17.187;4.949;1.982;276;9;2;1.640;4.698;9.841;97.508;19.195;5.962;9.198;1;14.632;129;13;23;92;1.399;2.175;20.668;23.215;139;15.219;6.136;61;4.821;441;27;214;5.185;1.433;7.392;34;1.099; 2.266.997 
agosto-16;5.703;3.694;11.578;525;2.441;101.426;1.855;59.889;169.424;313;1.081;3.616;110;0;27.788;5.267;44.568;14.195;11.727;7.798;27.977;2.249;4.471;2.983;2.531;5.366;1.542.786;10.364;10.800;42.676;15.117;9.503;40.913;16.646;6.290;137;21;71.670;138.622;7.105;9.527;5.541;911;2.938;11;3;185;20.663;5.436;0;9;3.308;399;5.168;1.217;1.418;297;2.105;5.331;7.036;14.110;23.128;5.806;3.193;263;6;7;5.056;11.850;21.081;137.384;46.547;14.793;19.925;1;26.013;308;186;7;62;7.904;2.820;54.438;36.961;210;62.504;7.359;276;10.287;168;52;701;8.310;2.025;15.968;19;1.920; 3.044.377 
septiembre-16;9.894;2.693;7.396;461;2.030;99.757;1.195;72.603;196.075;4;1.899;1.940;88;46;21.341;835;44.854;7.923;11.012;5.400;24.911;1.775;2.804;2.743;1.700;4;1.373.918;8.551;10.628;31.675;9.602;7.631;41.121;20.478;3.729;0;90;42.468;113.690;4.754;7.835;5.936;1.809;3.429;52;42;28;25.412;4.393;0;0;2.252;626;4.847;930;784;62;1.861;3.721;4.247;12.821;20.040;4.869;2.380;124;10;7;4.284;5.932;14.434;204.936;35.311;10.398;11.635;6;18.003;564;6;5;106;4.962;2.487;39.294;36.172;423;69.299;2.935;0;7.911;2.661;25;25;9.780;1.438;14.764;434;1.217; 2.797.686 
octubre-16;2.874;4.045;8.475;546;2.042;88.207;1.477;47.169;193.649;266;1.050;1.346;116;45;24.157;979;43.032;9.911;8.802;5.679;25.126;1.118;3.398;1.286;2.316;4.325;1.395.529;6.967;13.891;33.541;3.549;6.555;33.764;14.263;3.120;274;37;79.050;106.094;5.984;10.893;4.439;1.702;3.120;49;31;38;17.752;3.707;0;1;4.142;384;3.316;1.301;820;104;1.564;3.125;5.050;13.094;22.089;4.996;2.929;149;25;4;3.541;5.209;14.372;187.458;34.050;9.692;17.047;1;26.301;2.527;6;4;24;4.801;2.639;38.912;32.766;109;68.882;645;15;7.526;67;67;275;11.392;1.549;9.891;570;796; 2.770.014 
noviembre-16;2.290;4.595;8.291;528;1.099;103.299;1.377;104.500;219.217;858;1.583;2.033;90;39;25.324;980;53.112;6.760;8.863;5.516;23.387;1.582;2.026;3.788;1.751;119;1.333.396;6.619;11.706;28.530;2.468;6.672;33.421;12.942;3.329;206;121;39.197;113.473;4.641;8.991;5.434;1.138;2.868;13;32;60;18.813;4.896;0;0;2.568;230;4.327;1.253;1.124;65;1.653;3.496;3.072;14.911;20.891;3.376;4.482;215;22;10;4.278;7.088;15.798;250.921;39.725;8.391;18.294;1;21.374;185;2;30;101;4.993;2.515;58.449;31.850;30;54.698;2.859;39;7.577;119;2;198;8.636;1.360;9.764;60;617; 2.833.622 
diciembre-16;2.874;5.759;47.488;563;2.118;96.456;1.333;102.055;429.059;1.163;1.253;2.191;125;28;33.057;296;40.481;8.741;9.837;5.317;36.236;1.633;2.266;2.588;2.263;6.088;1.687.106;5.923;10.187;31.548;2.413;6.730;33.531;13.893;3.527;274;49;48.336;117.256;4.379;8.960;4.522;416;3.620;34;19;59;23.400;6.777;0;1;2.347;306;4.007;2.513;924;103;1.895;3.046;4.822;13.582;20.711;4.387;3.444;469;17;8;4.487;8.556;16.233;275.477;33.038;14.632;21.182;19;22.583;742;34;21;107;4.686;3.064;35.674;37.140;30;50.704;2.582;151;6.224;69;16;51;7.685;1.661;12.253;276;911; 3.477.094 
enero-17;4.608;4.580;6.679;419;648;88.796;1.661;71.238;232.188;674;1.378;2.522;30;40;33.027;221;41.351;7.398;8.664;4.325;17.375;1.127;2.208;2.748;1.540;203;1.606.633;5.835;9.155;37.975;1.811;4.769;26.711;11.013;2.673;182;35;22.430;97.839;2.957;9.337;3.058;1.194;1.896;16;35;23;18.950;4.391;0;6;2.035;55;3.428;592;751;58;1.346;2.270;2.136;12.794;15.811;6.799;1.604;315;10;21;2.344;5.845;8.950;131.893;20.214;10.052;18.906;22;17.536;562;0;4;30;2.643;2.181;32.151;27.626;178;17.387;4.586;356;7.825;55;23;8;6.656;1.356;9.982;170;908; 2.785.044 
febrero-17;2.813;5.688;4.344;618;1.856;131.549;1.884;86.445;214.883;368;1.689;5.621;34;13;30.965;82;27.716;8.482;7.252;3.967;20.921;846;2.981;2.478;1.437;5.608;1.417.687;6.947;10.121;24.147;2.611;7.106;42.680;13.728;3.994;162;47;23.174;95.629;3.326;7.247;4.000;325;2.693;2;25;119;21.688;3.571;0;1;2.283;33;4.309;892;553;60;1.523;3.265;3.812;10.993;15.491;2.207;2.359;115;47;1;2.826;5.002;13.474;194.148;6.437;10.191;14.277;0;17.114;1.273;24;8;121;3.525;2.383;34.655;30.280;27;41.224;2.990;257;5.545;309;50;1.289;7.057;1.469;9.362;401;797; 2.716.024 
marzo-17;4.046;8.800;9.133;958;2.059;153.367;2.256;143.681;295.931;2.838;2.254;3.499;141;39;44.150;702;42.360;9.001;10.928;5.842;30.760;1.344;3.811;3.829;2.782;69;1.660.508;8.459;12.129;29.158;7.842;7.543;37.063;16.231;3.459;137;30;32.942;118.427;4.404;13.263;4.235;860;3.477;22;49;32;19.663;4.047;0;0;2.040;251;5.696;1.059;1.042;92;1.573;3.515;4.909;12.682;21.154;5.622;3.133;290;13;16;3.646;8.599;17.394;201.752;37.456;13.058;19.975;58;17.459;1.781;2;11;56;5.403;2.851;37.045;30.940;243;36.240;3.228;805;6.262;292;74;545;9.940;1.932;10.847;154;727; 3.300.421 
abril-17;6.969;5.488;5.673;624;1.296;84.245;1.532;60.857;217.796;370;2.437;1.722;80;19;52.631;182;57.605;6.913;6.954;6.521;22.078;788;3.133;4.139;955;4.913;1.463.077;5.598;9.770;24.989;6.762;5.955;33.819;13.119;3.169;3;139;27.074;94.766;4.822;6.659;3.881;781;3.038;37;22;202;21.825;4.433;0;1;2.725;179;4.004;902;725;111;1.486;3.673;3.992;12.849;18.544;3.761;2.659;155;26;0;3.136;7.891;11.062;149.427;10.260;15.446;16.424;1;16.793;550;147;18;106;3.393;2.320;30.717;35.041;373;20.204;2.944;20;6.723;146;3;3;5.918;1.292;11.083;6;889; 2.697.992 
mayo-17;374;6.891;13.785;1.947;2.488;149.027;1.473;165.736;196.637;231;3.149;2.384;33;16;51.775;614;53.677;8.499;11.645;6.934;26.088;1.264;5.518;6.317;1.803;5.021;1.880.608;8.164;11.151;32.523;7.151;6.935;40.368;14.887;2.979;396;37;28.005;115.479;5.171;9.379;5.135;311;9.245;81;43;25;20.526;4.215;0;3;2.387;48;4.468;1.387;1.046;60;1.886;4.525;3.818;15.122;21.671;8.459;3.378;282;6;2;4.549;9.925;13.117;195.349;69.139;13.677;17.977;0;16.808;1.509;33;0;97;4.263;2.732;52.305;36.948;91;33.307;5.619;679;10.186;47;59;1;8.805;2.504;9.259;480;1.286; 3.505.436 
junio-17;4.759;8.605;5.492;2.525;1.214;188.258;1.552;96.857;137.977;151;3.017;2.578;47;0;54.558;276;28.307;12.569;10.485;5.842;22.254;1.384;3.835;5.827;1.240;5.135;1.424.209;14.261;12.158;28.055;8.512;7.035;37.557;16.465;5.665;0;56;30.853;120.467;3.613;10.069;3.769;678;3.043;2;19;146;21.499;4.293;0;1;1.835;50;6.161;1.187;827;49;1.734;3.760;3.789;14.957;21.688;4.741;4.099;319;17;1;3.847;6.959;14.601;190.740;30.592;16.339;19.304;0;18.134;420;41;6;148;4.493;2.846;32.148;39.368;175;56.501;5.275;219;6.142;78;27;447;8.753;1.835;13.137;116;543; 2.895.612 
julio-17;13.782;5.386;10.922;4.530;2.532;103.335;1.301;79.168;230.432;322;5.058;3.327;117;68;53.207;678;49.175;9.885;10.731;8.254;25.677;1.671;3.424;3.970;1.130;64;1.654.447;8.153;13.239;25.003;10.573;7.138;38.417;15.156;3.460;124;96;69.134;118.370;7.089;8.744;3.639;370;4.233;34;40;231;24.719;3.904;0;0;4.160;58;5.311;1.007;696;90;1.310;2.873;3.995;11.966;21.166;7.328;3.685;594;35;9;4.639;9.386;18.173;136.820;12.849;11.694;22.580;8;17.273;521;13;4;86;3.316;2.706;43.461;40.143;613;44.840;12.421;28;8.656;87;73;2;8.312;1.944;14.194;137;1.768; 3.125.483 
agosto-17;268;4.676;13.554;3.002;2.861;123.676;2.956;78.601;211.175;16;5.891;3.958;99;48;53.660;2.009;51.763;10.332;11.840;6.543;28.019;1.190;4.125;7.281;1.704;11.512;1.639.329;6.882;11.207;30.554;7.777;7.140;36.836;16.939;5.269;0;45;48.486;130.009;6.161;8.301;4.084;574;2.474;1;16;174;22.872;4.729;0;0;2.740;34;5.303;1.281;753;148;1.682;3.787;4.874;13.322;21.839;4.351;3.374;233;82;472;3.547;9.537;12.745;146.110;72.876;14.742;29.226;1;25.111;535;42;0;168;4.667;2.824;35.974;44.450;216;57.141;2.132;30;7.235;48;174;229;9.391;2.106;13.101;968;1.375; 3.191.598 
septiembre-17;2.913;5.150;11.648;1.888;2.345;92.707;1.358;81.011;240.609;92;3.475;1.166;61;20;49.019;1.501;57.132;10.517;13.180;6.706;26.602;2.510;3.567;2.988;1.121;7.017;1.894.854;9.839;11.567;30.616;10.059;7.220;37.655;15.464;7.931;356;64;50.271;109.090;6.225;9.107;4.315;504;6.102;17;33;82;22.907;4.491;0;24;2.165;65;4.947;891;1.434;105;1.500;2.645;3.369;13.164;20.314;5.754;3.398;171;82;83;3.981;7.587;17.233;143.419;34.387;11.775;24.749;23;23.705;2.567;50;2;20;4.573;2.761;47.560;43.607;222;57.326;3.857;83;5.852;368;0;1.844;10.015;1.533;14.160;60;1.171; 3.389.679 
octubre-17;4.296;7.486;8.074;1.365;3.508;93.018;1.404;75.258;215.414;762;2.867;2.485;120;27;37.863;3.091;59.567;9.938;11.937;7.522;25.477;3.110;3.711;2.767;1.371;101;1.800.861;7.737;10.837;34.201;4.150;7.532;40.378;14.734;6.302;638;111;53.992;118.467;4.145;8.794;2.859;942;3.295;60;58;76;21.842;4.268;1;5;3.277;99;6.188;2.168;1.000;148;1.476;2.847;4.903;15.082;23.304;5.813;3.962;147;27;6;4.198;9.059;13.228;162.313;55.580;14.663;22.558;1;20.303;276;15;0;263;5.298;2.784;39.181;42.055;11;49.073;3.384;210;7.551;34;171;1.509;10.512;2.054;10.241;894;830; 3.277.516 
noviembre-17;2.826;6.462;9.131;2.031;1.817;114.798;1.307;66.438;198.251;88;5.240;1.514;42;19;43.114;1.817;51.835;7.781;10.691;6.538;26.561;3.607;3.406;1.297;1.027;9;1.664.316;9.264;10.304;27.140;9.164;6.810;37.256;16.749;3.688;293;63;43.019;124.681;8.469;7.672;6.540;1.091;5.243;16;46;10;21.669;4.705;1;0;2.394;59;5.066;1.125;945;185;1.808;2.642;4.311;14.537;22.747;5.337;4.174;249;7;71;4.088;7.110;15.957;154.336;56.445;10.565;19.002;0;21.056;139;67;0;90;4.720;2.522;46.035;39.117;396;49.715;1.016;13.594;7.748;494;134;127;11.008;2.838;11.114;271;1.018; 3.122.237 
diciembre-17;142;6.835;6.412;2.973;2.204;94.349;1.992;73.822;203.778;184;3.002;2.956;34;56;38.601;1.735;48.585;10.945;11.977;6.620;25.545;3.653;3.151;1.433;1.008;19.878;2.596.001;5.731;10.721;27.370;4.808;7.226;36.202;15.497;3.493;366;26;35.653;118.201;5.681;5.821;4.877;602;3.128;21;21;87;21.689;3.050;1;3;2.200;100;4.247;963;1.078;147;2.060;2.777;4.876;14.557;23.045;4.256;4.179;260;37;38;3.550;4.992;14.179;160.515;39.046;13.490;22.154;19;22.968;839;27;15;123;4.000;2.745;38.327;29.776;21;76.310;2.512;6.149;6.304;372;8;157;9.585;1.498;11.295;57;821; 4.014.818 
enero-18;13.358;14.671;8.697;1.974;3.915;116.197;2.708;105.126;255.058;61;6.057;5.515;85;5;55.658;2.625;35.807;8.239;7.693;6.078;22.100;1.788;2.726;2.318;1.449;261;1.958.046;8.751;8.608;24.332;11.411;6.599;34.188;12.182;2.968;0;27;38.369;112.600;4.926;6.956;3.474;665;5.087;36;25;69;22.385;3.700;0;0;1.356;104;4.156;1.153;542;99;1.274;3.025;2.837;12.282;21.359;3.676;1.722;263;16;24;3.486;9.005;11.041;67.845;50.840;15.647;17.442;1;16.398;1.428;53;3;141;3.788;1.672;31.388;37.457;26;23.696;2.644;36;6.513;48;4;1.519;8.409;1.602;12.495;21;780; 3.324.889 
febrero-18;2.514;8.300;9.077;656;2.322;131.529;2.349;92.145;187.221;15;1.434;4.235;28;17;48.794;2.250;58.736;14.098;10.024;5.666;22.553;1.227;4.492;4.396;985;28;1.620.569;7.597;10.697;33.228;5.128;6.538;36.924;12.498;3.342;207;1;28.931;140.987;6.275;5.124;3.285;557;4.724;21;24;57;19.240;3.329;0;1;1.813;108;4.626;941;430;26;1.749;2.580;3.066;12.190;20.077;2.925;1.927;197;23;4;3.176;5.761;15.492;156.321;5.724;18.091;26.594;2;21.865;584;49;32;217;3.480;2.457;29.721;30.467;103;52.612;4.113;3.959;7.167;163;122;45;9.075;1.868;10.456;58;774; 3.027.603 
marzo-18;9.321;9.280;12.799;1.960;2.333;141.772;2.929;91.896;201.579;614;3.105;2.383;117;36;57.772;479;39.574;9.909;9.353;6.138;22.326;1.341;2.564;2.902;1.493;277;1.895.705;11.139;10.405;26.395;14.925;7.184;34.511;16.790;2.477;0;72;25.212;116.236;6.154;7.050;5.550;748;5.786;10;91;269;20.947;3.986;0;0;1.818;155;5.674;1.120;576;189;2.373;3.002;3.434;13.480;22.489;3.203;2.504;400;28;6;3.917;5.976;13.904;124.344;64.775;15.415;21.730;15;22.429;172;1;95;0;3.786;2.553;34.232;32.612;44;79.271;3.140;73;5.767;69;0;72;7.762;3.560;11.554;748;762; 3.365.116 
abril-18;277;9.007;6.395;1.544;3.198;120.445;2.095;134.667;205.466;1.316;3.966;2.619;71;70;64.361;1.481;44.525;9.268;7.415;6.604;29.399;3.398;6.739;4.317;1.634;274;2.201.646;12.179;9.344;31.633;25.108;7.809;37.521;14.757;4.194;0;184;33.589;137.214;7.763;7.867;5.259;315;4.588;4;71;131;24.596;4.837;0;5;1.685;243;7.265;1.075;1.838;57;2.010;3.511;3.725;13.644;23.575;4.775;2.897;297;34;12;4.470;7.562;18.669;132.172;72.235;22.997;20.554;17;23.786;1.439;87;0;140;5.345;2.094;31.130;38.176;128;56.019;2.353;2.132;8.780;69;216;550;10.528;4.568;11.265;189;1.057; 3.786.537 
mayo-18;12.365;2.849;10.885;3.721;3.389;169.971;2.159;107.654;190.581;448;4.689;1.987;117;88;71.730;2.067;34.029;7.542;9.745;9.327;25.771;2.965;6.392;4.978;1.816;22.555;2.076.817;12.475;18.824;28.689;7.688;7.402;41.324;15.094;4.931;0;30;29.748;135.071;8.001;6.491;4.651;538;7.671;47;27;183;28.082;5.277;10;1;1.711;365;5.528;1.603;858;229;1.827;4.114;6.302;15.149;22.284;5.769;2.901;419;36;7;4.700;8.194;14.437;141.605;78.862;23.654;26.623;17;24.035;281;3;0;265;5.102;3.145;41.876;32.716;18;58.841;3.830;205;6.914;44;55;75;10.323;2.121;11.718;897;856; 3.719.410 
junio-18;237;6.813;10.213;1.497;3.216;159.562;2.023;67.007;147.560;315;2.775;3.376;58;43;79.527;742;37.002;8.060;9.161;7.394;23.514;2.191;5.811;9.319;2.051;122;1.874.733;10.189;12.871;25.856;14.021;7.923;39.410;15.409;4.189;0;19;30.601;120.167;5.865;7.353;4.585;160;4.378;37;31;44;21.163;4.521;6;0;1.812;332;5.754;2.263;1.650;159;1.546;3.482;5.219;14.117;24.486;11.739;3.614;447;9;17;3.725;4.966;9.824;140.919;55.124;15.495;16.065;0;22.108;181;50;11;110;6.187;2.466;41.561;39.283;26;71.646;2.549;598;6.276;223;175;975;7.813;1.673;10.938;25;1.178; 3.331.933 
julio-18;129;8.869;11.770;2.367;2.858;144.332;2.195;84.023;166.218;12;4.760;3.697;93;55;40.374;2.032;33.144;6.388;11.535;8.686;22.404;3.859;4.495;5.718;1.402;512;2.177.571;10.253;15.448;28.236;5.751;9.413;40.604;17.826;4.018;0;7;34.438;136.926;8.807;5.472;5.420;792;4.724;21;31;103;24.505;4.271;10;1;2.123;423;5.603;1.538;1.042;122;2.278;3.607;4.990;14.040;24.494;4.894;3.252;345;19;1;4.419;8.662;13.812;131.773;71.626;16.171;26.366;30;29.246;565;61;10;138;4.968;3.091;36.756;38.682;155;31.718;492;345;9.867;28;23;974;11.001;1.905;12.445;9;1.370; 3.632.055 
agosto-18;644;8.151;12.809;1.543;3.674;100.554;1.805;101.137;213.792;23;7.504;2.948;29;25;59.077;2.837;40.729;9.894;10.873;8.172;28.928;3.029;3.089;2.669;1.353;21.887;2.136.911;9.663;12.133;30.364;4.318;8.399;45.227;13.442;3.211;0;25;37.266;139.923;7.020;5.729;4.628;654;4.305;37;19;117;20.091;6.490;0;0;2.405;274;5.165;1.512;922;388;2.098;3.358;5.590;12.888;22.235;6.201;2.564;495;4;1;4.124;13.409;21.784;128.109;57.718;25.044;16.448;10;29.123;605;10;0;77;3.736;2.837;33.140;38.641;39;51.108;639;948;7.465;32;0;22.446;10.837;1.571;9.619;48;1.583; 3.684.399 
septiembre-18;99;7.825;10.883;944;2.196;92.551;1.568;63.396;179.237;240;3.292;3.020;74;4;38.765;1.600;41.046;8.640;12.829;6.739;25.570;1.992;3.458;1.323;1.237;348;2.145.632;7.812;14.486;31.474;4.378;7.759;40.040;13.647;3.127;0;4;34.968;126.095;8.926;5.763;4.365;910;3.729;27;37;70;21.078;4.871;0;0;1.703;207;4.536;865;842;33;1.554;3.217;5.411;13.176;21.109;4.225;2.759;390;31;9;4.564;8.085;14.723;133.082;61.994;19.096;17.434;0;28.169;462;103;10;145;4.521;1.918;32.661;37.364;11;62.975;4.484;301;7.990;33;172;227;9.697;1.238;12.184;18;1.040; 3.512.842 
octubre-18;5.215;9.492;10.951;923;2.843;102.399;916;63.699;194.640;8;4.053;1.358;271;60;47.313;1.190;56.862;9.744;13.170;7.964;32.511;4.039;3.815;2.102;1.550;43;2.270.315;9.816;12.941;30.669;4.852;8.250;44.275;14.666;2.616;22;53;45.129;126.723;10.670;7.309;4.899;189;5.277;19;69;190;25.069;4.841;1;0;2.058;790;5.492;1.021;1.122;125;2.318;2.838;6.256;16.941;25.928;4.180;3.341;574;26;8;4.973;7.988;16.123;153.199;59.420;18.075;19.893;17;22.929;838;1;13;160;4.854;3.276;38.329;43.464;115;50.627;5.483;594;8.424;115;259;2.166;9.624;2.461;14.721;371;1.142; 3.768.666 
noviembre-18;1.182;3.381;9.289;2.133;3.703;100.623;1.627;75.544;191.052;549;6.105;3.126;111;41;26.701;1.669;57.482;8.251;11.929;7.987;25.679;4.267;3.584;1.040;2.268;355;1.973.431;10.255;10.984;34.125;16.437;7.715;36.668;15.174;4.443;24;20;26.151;135.909;7.611;4.603;6.225;515;3.415;54;37;195;24.092;3.262;0;7;2.397;376;5.404;1.103;674;205;1.858;2.819;5.379;13.968;25.711;5.188;5.029;522;16;1;3.756;7.593;12.135;144.945;19.521;11.293;17.474;1;21.416;60;12;10;68;5.032;2.566;41.087;37.291;68;42.166;1.716;349;7.294;14;0;867;11.882;1.983;9.735;443;1.050; 3.343.509 
diciembre-18;4.510;4.122;12.416;1.946;2.268;97.943;2.781;71.546;216.343;50;2.509;2.097;18;17;32.949;1.844;39.329;8.358;11.934;7.259;29.177;2.848;5.194;2.017;1.689;14.601;1.966.759;5.996;9.856;25.628;10.593;7.715;36.795;14.090;4.645;160;28;25.035;105.117;7.292;4.161;4.771;505;3.883;10;26;10;19.960;3.937;6;0;1.586;457;5.079;862;928;97;1.300;3.026;4.480;15.620;25.609;3.396;3.223;295;58;5;4.354;9.167;15.361;178.321;52.945;15.286;17.561;21;25.245;273;42;2;164;4.923;3.336;38.748;44.193;86;65.021;1.581;71;8.544;348;4;54;10.066;2.229;9.662;648;803; 3.407.819 
enero-19;2.716;4.441;9.203;1.653;3.521;101.820;2.701;109.589;260.699;73;1.638;3.940;63;13;45.993;1.857;40.205;6.297;7.883;6.162;20.175;2.113;2.716;2.109;1.320;811;1.615.648;9.872;9.221;35.486;10.025;6.184;31.156;12.170;3.321;0;0;34.213;117.959;4.172;4.700;4.087;324;2.592;12;53;99;24.450;3.653;6;0;1.346;305;4.945;1.091;504;58;1.292;3.125;3.082;14.372;18.984;8.401;2.273;349;13;11;2.825;6.597;16.044;128.747;69.062;15.009;13.183;56;22.137;239;0;10;0;3.323;2.528;36.138;38.449;16;52.874;715;5;5.978;58;2;0;10.304;1.222;10.168;262;896; 3.066.110 
febrero-19;419;4.080;7.908;543;2.617;159.517;2.592;94.575;221.412;98;4.994;5.206;30;21;49.347;455;35.063;7.986;10.713;6.693;26.538;3.300;4.044;5.788;2.221;133;1.724.780;7.171;12.212;26.388;10.113;7.859;38.971;15.153;3.322;0;32;24.765;150.376;6.203;4.920;4.618;498;4.361;34;17;9;25.252;3.983;0;3;1.736;630;5.998;892;1.756;40;1.162;2.540;5.586;11.881;19.990;4.895;1.895;440;12;8;3.681;6.626;12.814;142.045;3.973;10.619;13.741;19;24.478;380;62;10;153;4.680;1.993;34.386;32.686;152;56.164;2.987;1.793;6.978;48;6;12.572;9.544;1.712;9.959;782;1.238; 3.183.071 
marzo-19;2.820;10.215;6.907;587;3.469;152.038;2.195;95.459;193.808;124;5.164;2.207;163;31;48.795;3.172;35.357;9.074;9.982;7.003;24.260;2.807;4.134;3.417;1.729;53;1.915.447;5.996;9.732;24.547;4.624;7.728;40.950;14.512;4.998;0;19;31.912;93.940;6.358;4.112;5.742;259;4.020;17;142;60;22.537;3.632;0;0;1.483;489;6.068;860;862;34;1.597;2.052;5.113;14.471;22.701;5.108;2.171;388;30;1;3.661;7.061;10.090;166.904;60.836;17.109;17.834;1;23.756;220;43;0;128;4.220;1.942;31.477;36.569;16;36.736;3.515;54;7.422;122;103;6;10.337;1.854;12.120;54;980; 3.344.850 
abril-19;5.281;8.129;12.383;635;2.427;107.992;2.064;127.746;186.053;2.095;3.433;2.148;29;36;52.217;1.564;46.960;7.040;10.441;8.373;27.674;2.374;3.188;3.754;1.516;13.070;2.305.057;8.633;8.259;29.922;7.918;9.026;44.215;15.509;4.192;0;23;37.572;129.741;8.487;5.264;5.994;553;4.773;29;91;75;20.619;5.559;3;0;1.733;263;6.393;1.485;769;45;1.313;3.445;5.692;14.495;26.827;5.828;3.010;625;41;26;4.303;6.851;12.533;145.449;64.831;16.422;14.838;1;36.888;1.731;11;21;141;4.864;3.351;29.059;44.370;26;77.434;748;2.506;9.229;81;3;3.484;9.267;1.167;9.187;1.135;760; 3.862.819 
mayo-19;189;4.204;13.298;1.016;4.077;182.187;2.388;142.065;143.552;13;9.898;4.424;388;91;72.307;1.277;34.491;9.991;10.726;8.364;26.367;3.486;4.374;9.509;1.203;422;2.200.760;10.167;12.920;29.126;7.697;8.208;43.582;13.262;2.801;0;58;39.941;141.614;7.882;5.363;6.563;431;5.281;47;50;14;30.370;4.057;22;0;2.273;533;5.878;824;1.532;52;1.300;2.834;6.118;13.773;23.593;4.976;3.421;617;37;5;4.113;7.348;14.237;136.905;12.502;21.081;19.714;0;27.880;477;44;8;48;5.664;3.051;32.864;42.534;6;53.515;3.024;107;9.090;85;115;23;9.197;2.324;11.624;1.525;944; 3.748.342 
junio-19;764;5.983;7.140;729;1.621;134.216;2.222;73.138;147.797;22;4.575;2.120;29;87;44.458;665;26.748;8.913;11.391;8.650;26.100;3.597;4.264;4.110;922;9.638;1.817.293;9.016;10.319;28.548;3.127;7.740;37.391;12.122;5.278;0;23;44.244;104.238;6.337;3.359;5.122;318;4.518;25;27;33;24.887;3.856;0;0;1.239;404;4.464;980;885;98;1.174;2.629;5.186;12.383;21.197;3.806;2.511;466;22;5;3.915;5.583;8.838;114.324;29.939;16.907;15.933;3;26.370;289;77;3;140;4.211;1.707;28.603;34.071;11;56.767;2.074;96;6.631;60;3;0;8.525;2.270;12.900;203;736; 3.096.363 
julio-19;363;7.945;12.725;780;4.487;108.351;2.295;80.057;205.011;17;6.577;4.445;107;52;39.317;262;40.959;9.923;12.591;8.551;31.639;4.318;3.015;5.861;1.167;11.755;1.744.233;9.655;8.157;32.801;3.793;9.001;41.372;15.076;3.868;3;12;54.242;134.880;7.553;3.706;5.820;422;3.942;4;39;13;23.455;3.779;4;8;1.561;373;5.517;903;1.368;81;1.388;2.642;4.473;13.901;24.129;6.104;2.987;469;17;2;3.968;6.155;12.737;148.682;43.110;17.762;16.344;2;25.835;189;48;14;70;3.914;2.578;32.008;36.189;101;59.139;37.842;68;6.867;255;11;0;12.980;1.833;10.201;905;1.699; 3.255.830 
agosto-19;11.854;6.174;10.090;814;2.584;128.067;1.549;94.907;218.999;404;7.615;2.482;55;75;38.423;2.893;40.605;9.717;12.629;10.124;29.292;2.628;2.823;3.360;1.251;1.091;1.704.014;8.139;14.055;33.410;8.136;7.584;41.218;13.733;4.014;0;0;32.309;113.397;8.674;3.813;5.988;673;4.685;26;48;54;27.882;6.140;0;0;1.537;374;5.523;818;1.469;83;1.543;2.239;4.774;12.454;23.540;4.195;3.087;511;29;5;4.119;7.566;10.663;195.241;75.912;17.247;14.117;1;26.222;436;7;0;118;4.987;2.306;29.056;43.379;9;49.390;3.673;248;8.503;48;1;1.852;10.304;2.398;14.059;56;1.663; 3.264.261 
septiembre-19;169;5.954;8.582;1.053;4.064;94.179;1.602;74.630;167.456;9;7.063;3.128;138;17;32.763;1.076;47.657;9.819;14.441;9.090;28.118;2.159;2.636;2.214;1.109;622;1.616.733;7.381;8.289;28.696;3.604;7.680;43.026;13.614;3.257;0;150;54.395;132.118;7.266;4.255;5.647;410;3.276;36;15;33;20.956;3.690;0;0;1.381;164;6.109;643;1.299;28;1.625;3.172;5.310;13.647;22.573;5.067;2.792;402;84;10;3.825;7.306;9.725;193.313;32.863;13.477;15.174;1;33.171;596;53;4;80;4.768;2.528;39.384;49.626;168;75.073;809;1.100;10.528;90;99;1.202;10.511;1.460;10.485;55;1.294; 3.067.349 
octubre-19;15.490;7.117;10.545;611;3.100;104.041;1.370;96.976;195.327;112;6.311;2.032;34;21;37.695;1.799;61.113;9.910;12.144;8.219;28.952;4.169;2.654;2.191;1.258;9.281;1.712.817;8.415;6.012;32.135;3.644;9.808;43.889;12.305;3.674;0;59;46.277;133.857;7.442;4.435;5.298;442;3.890;56;40;71;21.237;5.756;0;0;1.761;429;6.545;802;842;88;1.347;1.786;4.802;15.713;26.628;6.157;3.027;610;16;2;5.010;7.428;14.420;170.332;107.000;22.294;12.924;139;42.855;159;23;1;226;6.999;2.751;47.439;41.324;306;47.001;2.661;856;11.173;132;129;711;12.964;1.858;11.769;56;970; 3.326.497 
noviembre-19;5.766;6.104;13.721;1.421;2.997;121.441;2.104;83.430;193.953;1.067;9.915;2.585;450;15;28.409;1.695;43.012;6.977;13.328;8.631;26.994;3.366;2.810;1.963;1.299;1.446;1.526.201;7.221;6.700;27.089;2.781;8.202;35.119;12.284;3.690;17;0;39.587;112.234;7.888;3.666;4.636;1.052;4.034;8;34;12;22.234;3.917;0;11;2.532;169;4.982;935;467;120;1.255;2.585;5.511;13.012;25.220;4.174;2.741;628;19;8;4.246;7.365;9.702;168.607;16.552;17.095;16.700;1;31.561;598;48;0;83;12.788;1.874;33.741;38.425;54;48.713;782;12.203;8.695;66;150;10.327;11.245;1.941;11.075;521;597; 2.943.625 
diciembre-19;14.721;10.226;19.953;998;3.610;101.788;2.391;85.915;242.375;111;3.106;3.649;228;86;35.067;2.407;32.466;10.072;11.263;8.382;26.559;3.606;2.442;1.840;998;3.287;1.748.622;7.328;8.104;31.565;3.128;7.610;42.166;15.383;4.121;74;188;37.394;107.472;6.041;3.392;4.000;1.032;2.504;5;26;251;18.842;3.505;0;16;1.372;408;4.303;826;707;63;1.383;2.749;4.408;14.685;25.253;4.118;3.396;657;6;2;3.489;8.195;10.148;251.290;88.353;15.500;13.831;3;31.033;244;20;8;123;5.088;2.974;39.183;37.645;166;43.921;2.601;385;10.195;181;34;1.101;7.920;1.391;9.453;181;742; 3.330.051 
enero-20;6.123;7.236;11.586;680;2.954;98.100;2.331;143.866;249.836;964;2.633;3.538;1.299;19;38.749;2.188;40.663;8.593;10.371;7.295;26.190;3.066;2.913;939;1.115;13.152;2.043.777;8.156;6.790;29.049;2.803;7.081;34.016;11.667;4.932;47;7;32.286;100.590;8.136;1.971;3.227;401;3.889;12;31;11;17.665;2.996;0;0;1.383;65;3.482;636;468;29;819;2.273;3.958;12.351;14.497;4.885;1.619;218;15;0;3.593;6.115;14.220;116.520;43.552;20.879;15.278;17;20.061;677;25;9;118;3.261;1.947;28.481;34.736;27;28.660;1.386;29;6.846;79;0;52;8.875;1.673;8.823;266;622; 3.419.466 
febrero-20;7.432;9.252;9.498;797;2.423;180.000;1.954;101.525;215.606;16;6.125;2.456;32;33;42.627;1.136;35.424;8.578;11.518;9.078;25.902;1.551;2.650;1.858;1.432;1.682;1.483.146;7.681;6.487;23.261;2.773;6.845;38.373;12.773;3.401;0;31;33.745;116.884;7.590;3.810;4.333;542;4.564;2;50;154;19.459;3.605;0;0;1.132;123;4.089;785;500;36;1.256;2.925;4.090;13.398;21.135;8.245;2.158;460;167;10;3.476;5.147;9.791;191.258;4.711;12.461;14.635;64;24.251;742;56;13;125;3.852;1.876;34.906;43.113;28;37.512;1.238;123;8.400;53;130;686;11.080;1.331;10.428;980;556; 2.943.626 
marzo-20;18.810;9.673;5.698;843;3.408;154.803;2.703;99.170;170.322;792;4.972;2.866;66;41;51.136;1.633;43.779;10.807;11.367;8.291;28.675;1.786;3.114;940;1.390;2.568;950.857;7.400;10.274;25.862;3.379;8.777;38.702;14.496;4.735;0;33;31.129;115.479;7.466;3.443;3.860;248;4.084;6;26;122;17.932;3.279;0;0;1.228;25;4.826;1.438;774;33;1.209;2.660;4.238;10.504;20.002;9.531;2.109;401;2;5;3.175;6.589;11.037;203.219;54.277;18.793;12.821;7;23.986;563;48;0;144;4.277;2.338;30.463;40.495;28;39.027;7.927;731;6.510;53;220;92;11.034;1.357;8.671;361;570; 2.439.036 
abril-20;7.637;11.334;10.272;1.034;2.567;107.590;1.816;90.542;157.384;9;8.168;1.872;363;44;59.569;3.614;34.592;8.175;12.456;6.678;33.625;2.408;3.413;1.216;844;2.275;701.774;7.591;8.070;29.251;3.000;4.836;24.231;12.748;5.925;0;4;25.015;116.495;2.639;1.112;1.500;45;3.989;0;6;33;13.464;736;0;0;26;24;2.406;165;341;10;338;1.197;245;2.784;4.544;5.441;1.262;198;10;4;910;2.785;8.370;125.274;44.388;4.537;10.574;0;21.767;358;2;0;24;2.110;692;14.530;17.970;0;25.842;1.556;9;7.106;23;0;5.078;4.081;2.214;11.851;931;301; 1.864.239 
mayo-20;12.423;8.739;7.761;1.420;2.295;146.473;1.827;101.953;141.864;1.614;4.326;2.785;691;18;77.607;2.405;31.593;9.986;13.663;6.915;30.330;1.384;2.927;804;626;11.741;928.405;4.829;7.867;29.398;3.145;4.637;27.472;18.133;3.789;0;0;38.476;84.818;3.401;838;1.837;130;1.894;8;17;1.065;22.432;878;0;0;257;24;2.300;897;902;10;441;1.897;634;5.047;5.391;9.293;624;289;18;1;1.342;1.692;11.179;225.502;32.567;5.560;5.754;12;27.796;71;2;0;29;2.425;1.126;14.249;27.942;219;4.635;1.733;166;6.823;62;30;266;4.788;116;9.080;136;204; 2.221.172 
junio-20;20.679;6.373;9.268;1.212;3.162;100.946;1.537;95.217;194.806;752;8.027;3.119;221;27;73.167;1.548;28.866;5.286;13.302;6.843;31.289;2.410;2.736;2.601;949;2.226;921.344;6.378;6.824;32.997;3.110;5.712;29.742;13.070;4.845;0;57;33.507;78.733;5.961;1.383;2.916;356;1.915;0;9;563;21.126;2.068;0;0;210;69;2.869;499;556;40;645;2.576;1.165;7.819;13.129;8.040;908;706;1;8;2.632;3.452;8.694;247.569;35.879;7.389;8.459;4;27.370;499;0;0;0;3.504;1.726;21.462;41.720;39;23.561;1.110;84;6.716;557;0;65;8.234;310;9.716;2;302; 2.289.482 
julio-20;3.463;8.003;13.227;1.060;2.792;107.333;1.722;91.829;270.277;599;10.610;2.402;1.080;55;46.344;4.647;44.149;8.982;16.069;9.458;35.858;2.772;3.143;2.262;1.727;22.935;936.560;5.838;7.523;32.301;5.843;7.270;34.179;16.649;3.996;1;5;46.944;113.002;8.842;1.146;3.604;532;2.857;15;58;194;24.338;2.412;0;0;387;68;3.169;784;1.022;66;616;2.642;3.010;9.087;15.820;9.579;1.438;508;14;10;3.399;5.038;11.581;291.203;32.654;11.629;16.588;1;28.381;573;24;17;158;5.202;2.301;24.558;39.518;6;36.714;1.927;93;7.994;111;7;29;6.909;1.199;8.519;0;532; 2.551.988 
agosto-20;19.308;9.070;9.065;1.397;2.587;93.201;1.674;78.974;201.787;179;7.177;1.710;727;15;48.287;3.630;42.992;11.808;13.359;8.617;33.038;1.566;2.492;691;1.227;2.148;1.103.433;6.260;8.736;33.824;5.150;7.010;35.480;17.598;3.769;0;13;33.612;106.563;7.941;2.017;3.559;541;3.628;0;26;298;17.781;1.650;0;0;181;52;4.525;1.329;1.022;150;887;2.471;3.824;12.570;18.453;9.572;1.444;221;40;1;3.641;7.269;10.089;287.293;44.967;8.721;9.598;6;24.347;442;20;0;25;4.499;2.266;30.673;43.713;4;24.715;1.612;206;7.135;121;5;0;9.496;1.115;9.342;148;942; 2.584.767 
septiembre-20;5.328;12.128;14.334;1.196;3.292;108.949;1.731;86.822;217.897;14;8.095;2.130;115;15;34.312;3.445;53.439;9.204;15.094;9.229;37.044;4.122;2.740;345;1.795;1.743;931.902;5.216;6.636;33.616;4.722;8.034;40.504;15.584;4.936;4;60;46.851;126.821;8.124;3.743;3.901;420;4.126;12;5;125;21.018;2.522;0;3;859;142;3.812;831;1.263;38;903;2.276;4.727;10.446;15.710;8.893;1.852;645;79;5;3.978;6.091;11.971;298.529;38.101;10.915;13.702;14;27.967;1.523;26;10;231;5.876;3.100;39.417;59.469;232;32.213;4.320;185;6.580;96;7;0;10.368;1.230;11.239;669;895; 2.544.874 
octubre-20;20.199;13.384;9.803;1.616;3.410;101.596;2.234;116.055;173.372;4;7.618;4.353;292;30;48.942;2.866;54.238;9.420;11.635;9.073;33.705;2.142;2.439;996;1.393;17.999;969.247;8.979;8.862;32.437;3.975;7.213;39.655;11.075;4.275;0;71;43.602;101.782;8.372;2.893;3.428;221;4.597;13;11;116;22.337;2.336;1;0;559;63;4.543;724;1.340;58;940;2.796;3.692;13.150;20.696;6.001;1.762;489;55;33;4.167;6.194;10.250;378.452;44.892;13.293;16.650;27;29.222;531;48;11;87;5.529;2.340;35.965;56.210;201;24.835;1.619;182;7.856;9;0;2.171;9.373;1.675;11.062;221;671; 2.644.954 
noviembre-20;11.435;12.690;17.128;2.368;3.060;125.965;2.301;105.597;227.636;103;6.560;2.711;211;46;42.343;2.332;46.965;9.477;12.699;8.547;29.580;4.036;2.415;2.495;1.379;415;872.364;8.696;8.844;27.072;3.521;7.750;40.168;13.523;4.593;1;0;32.413;114.106;7.510;3.140;3.890;811;3.896;5;55;155;21.046;2.475;0;0;1.054;133;4.999;709;1.346;110;1.131;2.324;5.529;15.238;23.936;7.598;2.054;518;64;5;4.313;5.863;12.887;298.378;46.652;12.819;12.943;8;34.694;408;28;10;105;5.510;3.250;33.628;54.031;11;39.442;2.227;283;7.849;94;222;5;10.281;1.774;11.161;17;1.201; 2.523.372 
diciembre-20;18.732;18.498;8.689;3.093;2.849;106.378;2.242;172.723;316.676;94;3.793;3.309;1.148;95;35.752;3.147;49.452;9.597;13.658;8.114;37.966;4.735;3.161;2.850;1.855;6.296;1.092.089;8.599;10.802;32.438;5.858;8.455;40.786;14.279;3.862;0;23;45.485;147.539;10.170;3.516;4.899;763;4.619;4;75;192;25.227;2.467;0;0;970;79;3.909;593;1.495;37;1.394;3.094;3.202;16.165;24.210;7.818;2.180;921;19;12;4.594;9.228;15.447;331.767;55.404;13.288;18.563;1;30.644;427;10;2;156;6.295;3.144;49.676;53.110;107;38.938;698;1.044;7.325;110;12;771;10.447;1.935;11.321;388;835; 3.028.837 
enero-21;13.911;12.741;8.186;1.892;3.323;130.252;2.121;104.671;255.455;9;5.723;3.422;178;24;25.450;1.467;32.402;7.130;8.208;7.074;25.895;2.730;2.222;1.065;1.347;1.217;1.178.825;7.958;7.985;22.737;3.456;5.478;28.107;11.350;3.424;0;3;42.421;130.770;6.730;3.127;2.325;215;4.474;0;9;13;19.723;1.631;0;0;1.005;55;3.420;585;712;60;673;2.591;2.465;12.375;15.549;7.110;1.159;574;7;0;3.740;3.626;10.495;191.100;36.933;11.469;20.863;5;29.791;472;34;11;97;3.854;2.989;28.141;35.554;7;13.917;1.108;33;5.990;114;2;21;8.147;1.588;8.527;59;913; 2.606.815 
febrero-21;15.034;20.707;10.782;1.507;3.993;154.415;1.961;93.982;268.000;185;3.272;2.363;271;25;39.288;1.461;39.991;9.210;13.715;9.356;36.236;2.750;3.516;285;1.645;20.083;1.253.967;6.540;9.267;32.804;3.941;9.000;37.132;15.684;5.522;0;32;29.977;159.061;7.635;5.153;3.535;438;4.582;11;62;128;18.175;2.418;0;0;1.019;232;4.045;797;1.235;47;953;2.767;3.562;13.411;19.333;4.692;2.147;613;3;3;5.035;6.421;12.480;261.145;31.513;13.654;16.421;1;34.816;411;34;3;63;5.585;2.996;33.555;43.486;61;20.877;2.183;124;7.416;135;0;0;12.416;2.550;12.099;611;760; 2.940.807 
marzo-21;29.470;20.817;8.220;2.809;3.755;204.660;2.566;147.979;278.225;1.043;6.403;4.153;1.090;65;72.334;941;54.103;10.682;16.282;10.682;37.895;3.494;4.066;4.503;1.828;21.116;1.342.680;8.193;10.070;30.552;6.126;8.030;43.708;16.178;4.229;0;4;42.014;150.113;8.672;5.097;4.892;504;5.490;2;100;42;24.292;2.377;0;1;1.334;296;5.026;713;1.385;213;1.602;3.083;3.840;16.667;24.652;10.176;2.434;624;46;7;3.998;7.928;13.513;279.537;35.166;18.627;23.952;1;41.516;780;25;10;92;6.980;4.189;37.013;54.884;69;28.652;2.098;814;7.850;215;1;1.204;9.740;2.908;9.027;521;670; 3.326.629 
